Order ID,Order Date,Ship Date,Customer ID,Customer Name,Segment,Region,Category,Sub-Category,Product Name,Sales,Quantity,Discount,Profit
CA-2024-10001,2023-04-13,2023-04-17,CUST-1092,Customer 93,Consumer,West,Office Supplies,Storage,Office Supplies - Storage Model 566,133.32,3,0.3,2.68
CA-2024-10002,2024-10-25,2024-10-28,CUST-1021,Customer 22,Consumer,West,Technology,Accessories,Technology - Accessories Model 485,438.54,5,0.15,61.91
CA-2024-10003,2023-09-10,2023-09-14,CUST-1088,Customer 89,Consumer,East,Office Supplies,Binders,Office Supplies - Binders Model 799,1156.11,6,0.0,302.71
CA-2024-10004,2024-07-20,2024-07-24,CUST-1063,Customer 64,Consumer,North,Office Supplies,Appliances,Office Supplies - Appliances Model 940,111.72,4,0.4,-7.11
CA-2024-10005,2023-12-12,2023-12-17,CUST-1001,Customer 2,Corporate,East,Office Supplies,Binders,Office Supplies - Binders Model 608,880.11,3,0.3,-12.43
CA-2024-10006,2024-01-23,2024-01-25,CUST-1005,Customer 6,Consumer,West,Furniture,Tables,Furniture - Tables Model 501,781.88,2,0.0,228.83
CA-2024-10007,2023-09-28,2023-10-02,CUST-1061,Customer 62,Consumer,West,Office Supplies,Appliances,Office Supplies - Appliances Model 891,639.29,4,0.15,68.79
CA-2024-10008,2023-06-06,2023-06-11,CUST-1064,Customer 65,Consumer,North,Office Supplies,Binders,Office Supplies - Binders Model 747,53.03,3,0.0,14.38
CA-2024-10009,2024-02-23,2024-02-24,CUST-1004,Customer 5,Home Office,South,Furniture,Tables,Furniture - Tables Model 300,634.6,2,0.0,150.45
CA-2024-10010,2024-07-27,2024-08-01,CUST-1098,Customer 99,Corporate,South,Technology,Phones,Technology - Phones Model 838,350.42,6,0.2,39.31
CA-2024-10011,2024-05-17,2024-05-20,CUST-1008,Customer 9,Corporate,South,Furniture,Bookcases,Furniture - Bookcases Model 790,190.53,7,0.1,33.6
CA-2024-10012,2024-04-29,2024-05-04,CUST-1014,Customer 15,Corporate,West,Technology,Copiers,Technology - Copiers Model 798,985.52,4,0.3,40.22
CA-2024-10013,2024-10-07,2024-10-11,CUST-1027,Customer 28,Consumer,West,Technology,Copiers,Technology - Copiers Model 739,1626.43,4,0.0,472.78
CA-2024-10014,2024-01-20,2024-01-21,CUST-1026,Customer 27,Consumer,West,Office Supplies,Art,Office Supplies - Art Model 458,256.12,3,0.1,36.42
CA-2024-10015,2023-08-22,2023-08-26,CUST-1023,Customer 24,Home Office,South,Furniture,Furnishings,Furniture - Furnishings Model 332,632.58,6,0.5,-65.63
CA-2024-10016,2024-05-24,2024-05-26,CUST-1002,Customer 3,Consumer,North,Technology,Copiers,Technology - Copiers Model 212,,4,0.0,445.39
CA-2024-10017,2023-08-13,2023-08-14,CUST-1018,Customer 19,Corporate,North,Office Supplies,Paper,Office Supplies - Paper Model 515,1693.76,7,0.2,108.0
CA-2024-10018,2023-10-21,2023-10-26,CUST-1115,Customer 116,Home Office,South,Office Supplies,Labels,Office Supplies - Labels Model 300,869.95,6,0.15,144.27
CA-2024-10019,2024-02-07,2024-02-09,CUST-1066,Customer 67,Home Office,West,Office Supplies,Binders,Office Supplies - Binders Model 588,1470.44,7,0.4,-156.23
CA-2024-10020,2024-04-17,2024-04-19,CUST-1022,Customer 23,Corporate,South,Furniture,Furnishings,Furniture - Furnishings Model 243,370.22,1,0.1,54.08
CA-2024-10021,2023-10-31,2023-11-04,CUST-1068,Customer 69,Home Office,East,Furniture,Bookcases,Furniture - Bookcases Model 198,744.81,3,0.3,0.34
CA-2024-10022,2024-11-03,2024-11-07,CUST-1074,Customer 75,Home Office,West,Technology,Machines,Technology - Machines Model 353,70.06,6,0.4,-1.59
CA-2024-10023,2023-12-04,2023-12-06,CUST-1053,Customer 54,Consumer,North,Furniture,Bookcases,Furniture - Bookcases Model 679,650.33,5,0.0,153.9
CA-2024-10024,2024-01-27,2024-01-30,CUST-1016,Customer 17,Consumer,West,Furniture,Tables,Furniture - Tables Model 569,775.57,6,0.1,168.99
CA-2024-10025,2024-07-16,2024-07-19,CUST-1026,Customer 27,Corporate,South,Office Supplies,Labels,Office Supplies - Labels Model 552,341.93,3,0.1,67.31
CA-2024-10026,2024-05-26,2024-05-27,CUST-1043,Customer 44,Home Office,North,Furniture,Chairs,Furniture - Chairs Model 198,1321.75,5,0.3,3.73
CA-2024-10027,2023-06-30,2023-07-03,CUST-1059,Customer 60,Home Office,East,Office Supplies,Labels,Office Supplies - Labels Model 355,450.65,2,0.1,96.27
CA-2024-10028,2024-07-23,2024-07-26,CUST-1103,Customer 104,Consumer,South,Office Supplies,Paper,Office Supplies - Paper Model 762,248.82,3,0.0,57.79
CA-2024-10029,2023-04-14,2023-04-15,CUST-1008,Customer 9,Corporate,West,Office Supplies,Storage,Office Supplies - Storage Model 858,306.03,2,0.3,15.71
CA-2024-10030,2024-05-20,2024-05-21,CUST-1035,Customer 36,Corporate,North,Furniture,Chairs,Furniture - Chairs Model 499,118.87,3,0.0,28.24
CA-2024-10031,2024-12-27,2024-12-30,CUST-1024,Customer 25,Consumer,South,Furniture,Chairs,Furniture - Chairs Model 669,119.17,4,0.0,27.45
CA-2024-10032,2024-03-19,2024-03-24,CUST-1096,Customer 97,Home Office,West,Furniture,Bookcases,Furniture - Bookcases Model 202,281.97,5,0.0,67.99
CA-2024-10033,2024-10-17,2024-10-22,CUST-1113,Customer 114,Corporate,South,Furniture,Furnishings,Furniture - Furnishings Model 930,450.52,2,0.0,91.25
CA-2024-10034,2023-04-27,2023-04-28,CUST-1011,Customer 12,Consumer,South,Technology,Copiers,Technology - Copiers Model 901,669.61,6,0.15,97.78
CA-2024-10035,2023-09-29,2023-10-04,CUST-1102,Customer 103,Corporate,North,Office Supplies,Art,Office Supplies - Art Model 175,694.87,3,0.2,28.79
CA-2024-10036,2023-08-08,2023-08-13,CUST-1046,Customer 47,Consumer,South,Technology,Phones,Technology - Phones Model 303,41.98,2,0.1,7.03
CA-2024-10037,2023-10-16,2023-10-21,CUST-1022,Customer 23,Consumer,South,Office Supplies,Storage,Office Supplies - Storage Model 279,236.02,2,0.4,-16.5
CA-2024-10038,2023-11-21,2023-11-26,CUST-1003,Customer 4,Corporate,West,Office Supplies,Labels,Office Supplies - Labels Model 995,1165.16,4,0.1,185.05
CA-2024-10039,2024-01-15,2024-01-16,CUST-1032,Customer 33,Home Office,East,Technology,Copiers,Technology - Copiers Model 676,962.35,2,0.0,218.83
CA-2024-10040,2023-01-12,2023-01-14,CUST-1114,Customer 115,Corporate,East,Furniture,Furnishings,Furniture - Furnishings Model 704,849.53,2,0.0,192.05
CA-2024-10041,2023-07-15,2023-07-17,CUST-1116,Customer 117,Consumer,East,Technology,Machines,Technology - Machines Model 828,364.22,1,0.1,59.13
CA-2024-10042,2023-07-11,2023-07-14,CUST-1048,Customer 49,Corporate,West,Office Supplies,Paper,Office Supplies - Paper Model 835,366.63,1,0.15,56.46
CA-2024-10043,2023-09-30,2023-10-01,CUST-1061,Customer 62,Consumer,North,Office Supplies,Art,Office Supplies - Art Model 118,489.03,4,0.4,
CA-2024-10044,2023-09-22,2023-09-26,CUST-1077,Customer 78,Corporate,West,Office Supplies,Appliances,Office Supplies - Appliances Model 168,141.49,1,0.1,19.99
CA-2024-10045,2024-07-18,2024-07-19,CUST-1038,Customer 39,Consumer,South,Technology,Accessories,Technology - Accessories Model 322,88.4,3,0.3,-0.43
CA-2024-10046,2024-10-19,2024-10-23,CUST-1008,Customer 9,Corporate,West,Technology,Accessories,Technology - Accessories Model 618,443.31,2,0.0,128.2
CA-2024-10047,2023-07-13,2023-07-18,CUST-1028,Customer 29,Consumer,East,Office Supplies,Appliances,Office Supplies - Appliances Model 932,265.18,1,0.4,-5.67
CA-2024-10048,2023-05-12,2023-05-16,CUST-1069,Customer 70,Corporate,East,Office Supplies,Paper,Office Supplies - Paper Model 266,441.5,2,0.0,107.48
CA-2024-10049,2023-06-22,2023-06-27,CUST-1113,Customer 114,Consumer,South,Office Supplies,Appliances,Office Supplies - Appliances Model 994,280.39,1,0.15,29.09
CA-2024-10050,2024-05-19,2024-05-23,CUST-1112,Customer 113,Consumer,North,Furniture,Chairs,Furniture - Chairs Model 157,104.47,5,0.0,30.2
CA-2024-10051,2023-08-01,2023-08-04,CUST-1100,Customer 101,Consumer,East,Technology,Accessories,Technology - Accessories Model 146,1921.55,6,0.0,575.66
CA-2024-10052,2024-07-19,2024-07-22,CUST-1015,Customer 16,Corporate,East,Furniture,Furnishings,Furniture - Furnishings Model 883,1787.11,4,0.0,417.41
CA-2024-10053,2023-05-02,2023-05-06,CUST-1035,Customer 36,Consumer,South,Furniture,Furnishings,Furniture - Furnishings Model 831,379.53,4,0.5,-49.41
CA-2024-10054,2023-05-25,2023-05-26,CUST-1032,Customer 33,Consumer,North,Office Supplies,Appliances,Office Supplies - Appliances Model 657,187.05,6,0.4,-8.87
CA-2024-10055,2024-03-25,2024-03-27,CUST-1055,Customer 56,Home Office,East,Furniture,Tables,Furniture - Tables Model 900,392.14,2,0.5,-72.53
CA-2024-10056,2023-10-09,2023-10-10,CUST-1085,Customer 86,Home Office,North,Technology,Accessories,Technology - Accessories Model 204,216.19,1,0.0,44.87
CA-2024-10057,2024-04-20,2024-04-21,CUST-1068,Customer 69,Home Office,South,Technology,Copiers,Technology - Copiers Model 664,946.42,2,0.0,212.1
CA-2024-10058,2024-04-01,2024-04-02,CUST-1050,Customer 51,Consumer,West,Furniture,Bookcases,Furniture - Bookcases Model 587,1259.17,4,0.0,254.63
CA-2024-10059,2023-09-07,2023-09-09,CUST-1053,Customer 54,Corporate,East,Office Supplies,Labels,Office Supplies - Labels Model 153,2034.76,6,0.3,0.71
CA-2024-10060,2024-09-15,2024-09-20,CUST-1084,Customer 85,Corporate,East,Furniture,Chairs,Furniture - Chairs Model 803,112.48,6,0.15,16.16
CA-2024-10061,2023-12-01,2023-12-04,CUST-1050,Customer 51,Home Office,West,Office Supplies,Labels,Office Supplies - Labels Model 434,1306.14,7,0.1,247.86
CA-2024-10062,2023-05-18,2023-05-19,CUST-1073,Customer 74,Corporate,West,Office Supplies,Storage,Office Supplies - Storage Model 873,1269.6,5,0.0,327.51
CA-2024-10063,2023-04-21,2023-04-22,CUST-1022,Customer 23,Consumer,East,Office Supplies,Binders,Office Supplies - Binders Model 459,246.96,1,0.3,1.83
CA-2024-10064,2023-04-03,2023-04-05,CUST-1060,Customer 61,Consumer,East,Technology,Accessories,Technology - Accessories Model 703,1101.57,6,0.0,233.6
CA-2024-10065,2023-08-21,2023-08-25,CUST-1089,Customer 90,Home Office,North,Office Supplies,Appliances,Office Supplies - Appliances Model 172,355.58,7,0.15,31.35
CA-2024-10066,2023-12-16,2023-12-19,CUST-1062,Customer 63,Consumer,North,Furniture,Bookcases,Furniture - Bookcases Model 107,944.76,5,0.5,-138.26
CA-2024-10067,2023-02-25,2023-02-27,CUST-1027,Customer 28,Consumer,West,Office Supplies,Storage,Office Supplies - Storage Model 625,220.97,3,0.15,37.46
CA-2024-10068,2023-12-29,2024-01-02,CUST-1108,Customer 109,Home Office,South,Office Supplies,Labels,Office Supplies - Labels Model 730,356.37,2,0.1,72.72
CA-2024-10069,2023-03-27,2023-03-29,CUST-1043,Customer 44,Consumer,North,Office Supplies,Binders,Office Supplies - Binders Model 493,1789.87,5,0.1,319.35
CA-2024-10070,2024-04-14,2024-04-16,CUST-1110,Customer 111,Corporate,North,Office Supplies,Storage,Office Supplies - Storage Model 524,607.45,4,0.15,83.27
CA-2024-10071,2023-11-11,2023-11-16,CUST-1069,Customer 70,Corporate,North,Furniture,Bookcases,Furniture - Bookcases Model 809,538.15,4,0.3,-16.8
CA-2024-10072,2023-12-16,2023-12-17,CUST-1118,Customer 119,Consumer,East,Office Supplies,Binders,Office Supplies - Binders Model 322,1079.65,4,0.4,-36.11
CA-2024-10073,2024-10-07,2024-10-08,CUST-1093,Customer 94,Consumer,East,Technology,Accessories,Technology - Accessories Model 946,548.99,2,0.0,152.04
CA-2024-10074,2023-11-22,2023-11-24,CUST-1117,Customer 118,Corporate,West,Office Supplies,Labels,Office Supplies - Labels Model 239,113.11,2,0.2,5.51
CA-2024-10075,2023-05-19,2023-05-23,CUST-1076,Customer 77,Corporate,North,Office Supplies,Storage,Office Supplies - Storage Model 360,182.95,4,0.0,49.11
CA-2024-10076,2024-08-18,2024-08-19,CUST-1062,Customer 63,Corporate,North,Furniture,Tables,Furniture - Tables Model 649,1288.46,6,0.0,367.3
CA-2024-10077,2023-08-24,2023-08-26,CUST-1077,Customer 78,Home Office,East,Technology,Machines,Technology - Machines Model 646,2785.97,6,0.0,774.92
CA-2024-10078,2023-08-17,2023-08-21,CUST-1029,Customer 30,Home Office,North,Technology,Copiers,Technology - Copiers Model 177,1074.75,4,0.0,278.18
CA-2024-10079,2024-02-06,2024-02-09,CUST-1037,Customer 38,Corporate,East,Office Supplies,Labels,Office Supplies - Labels Model 244,2843.15,7,0.1,360.12
CA-2024-10080,2023-04-14,2023-04-17,CUST-1038,Customer 39,Consumer,South,Office Supplies,Art,Office Supplies - Art Model 653,404.48,7,0.3,3.86
CA-2024-10081,2024-04-22,2024-04-25,CUST-1035,Customer 36,Home Office,North,Office Supplies,Appliances,Office Supplies - Appliances Model 510,2254.88,6,0.0,611.99
CA-2024-10082,2024-05-31,2024-06-03,CUST-1073,Customer 74,Consumer,South,Office Supplies,Binders,Office Supplies - Binders Model 976,430.26,7,0.2,23.66
CA-2024-10083,2023-02-16,2023-02-20,CUST-1075,Customer 76,Corporate,East,Office Supplies,Art,Office Supplies - Art Model 391,1087.04,3,0.0,237.15
CA-2024-10084,2024-07-03,2024-07-05,CUST-1045,Customer 46,Corporate,South,Office Supplies,Paper,Office Supplies - Paper Model 309,1853.75,7,0.15,258.22
CA-2024-10085,2023-12-22,2023-12-26,CUST-1004,Customer 5,Home Office,West,Office Supplies,Labels,Office Supplies - Labels Model 703,176.94,1,0.1,34.26
CA-2024-10086,2023-10-23,2023-10-24,CUST-1085,Customer 86,Home Office,North,Furniture,Bookcases,Furniture - Bookcases Model 445,2024.95,6,0.2,148.26
CA-2024-10087,2024-07-20,2024-07-23,CUST-1039,Customer 40,Corporate,East,Furniture,Bookcases,Furniture - Bookcases Model 301,1718.63,5,0.15,157.13
CA-2024-10088,2023-09-01,2023-09-02,CUST-1089,Customer 90,Home Office,South,Office Supplies,Art,Office Supplies - Art Model 517,1381.35,3,0.0,402.35
CA-2024-10089,2023-07-01,2023-07-02,CUST-1070,Customer 71,Consumer,North,Technology,Phones,Technology - Phones Model 384,1779.51,6,0.0,393.75
CA-2024-10090,2023-02-18,2023-02-19,CUST-1083,Customer 84,Consumer,West,Office Supplies,Binders,Office Supplies - Binders Model 162,498.48,1,0.0,115.15
CA-2024-10091,2023-08-03,2023-08-06,CUST-1055,Customer 56,Home Office,West,Office Supplies,Labels,Office Supplies - Labels Model 528,594.59,3,0.0,165.03
CA-2024-10092,2023-06-24,2023-06-26,CUST-1065,Customer 66,Corporate,North,Office Supplies,Paper,Office Supplies - Paper Model 930,324.73,5,0.0,89.41
CA-2024-10093,2024-04-02,2024-04-05,CUST-1109,Customer 110,Corporate,North,Furniture,Furnishings,Furniture - Furnishings Model 899,1630.11,5,0.1,285.55
CA-2024-10094,2024-03-18,2024-03-23,CUST-1071,Customer 72,Consumer,East,Office Supplies,Art,Office Supplies - Art Model 708,456.02,2,0.2,63.33
CA-2024-10095,2023-10-15,2023-10-18,CUST-1015,Customer 16,Consumer,North,Furniture,Chairs,Furniture - Chairs Model 834,344.27,2,0.0,71.8
CA-2024-10096,2023-05-31,2023-06-05,CUST-1018,Customer 19,Consumer,East,Office Supplies,Binders,Office Supplies - Binders Model 181,2665.28,7,0.15,302.74
CA-2024-10097,2024-01-21,2024-01-24,CUST-1086,Customer 87,Consumer,West,Office Supplies,Paper,Office Supplies - Paper Model 355,395.84,2,0.3,-7.14
CA-2024-10098,2024-05-20,2024-05-24,CUST-1023,Customer 24,Consumer,South,Office Supplies,Paper,Office Supplies - Paper Model 826,362.64,1,0.1,62.1
CA-2024-10099,2024-06-04,2024-06-06,CUST-1108,Customer 109,Consumer,North,Furniture,Tables,Furniture - Tables Model 593,689.41,2,0.3,20.08
CA-2024-10100,2023-03-16,2023-03-18,CUST-1084,Customer 85,Home Office,North,Furniture,Bookcases,Furniture - Bookcases Model 776,562.6,2,0.15,51.0
CA-2024-10101,2023-12-08,2023-12-13,CUST-1026,Customer 27,Home Office,South,Office Supplies,Storage,Office Supplies - Storage Model 367,1610.26,5,0.0,469.3
CA-2024-10102,2024-04-20,2024-04-22,CUST-1045,Customer 46,Consumer,West,Technology,Phones,Technology - Phones Model 918,176.44,3,0.0,42.16
CA-2024-10103,2023-10-23,2023-10-26,CUST-1035,Customer 36,Corporate,East,Office Supplies,Paper,Office Supplies - Paper Model 197,1244.25,6,0.0,309.04
CA-2024-10104,2024-07-01,2024-07-05,CUST-1082,Customer 83,Corporate,East,Technology,Copiers,Technology - Copiers Model 464,72.01,1,0.2,3.65
CA-2024-10105,2024-12-13,2024-12-14,CUST-1000,Customer 1,Consumer,East,Office Supplies,Labels,Office Supplies - Labels Model 138,82.92,2,0.2,9.08
CA-2024-10106,2024-04-22,2024-04-24,CUST-1011,Customer 12,Consumer,West,Technology,Phones,Technology - Phones Model 116,2997.95,7,0.1,385.75
CA-2024-10107,2024-08-14,2024-08-17,CUST-1007,Customer 8,Corporate,North,Office Supplies,Paper,Office Supplies - Paper Model 809,883.04,2,0.1,125.5
CA-2024-10108,2024-05-03,2024-05-08,CUST-1025,Customer 26,Consumer,South,Office Supplies,Labels,Office Supplies - Labels Model 893,580.91,2,0.0,123.18
CA-2024-10109,2024-06-02,2024-06-03,CUST-1114,Customer 115,Home Office,South,Office Supplies,Appliances,Office Supplies - Appliances Model 693,1204.34,4,0.2,86.6
CA-2024-10110,2024-05-04,2024-05-05,CUST-1013,Customer 14,Corporate,East,Office Supplies,Appliances,Office Supplies - Appliances Model 197,1332.67,3,0.0,363.12
CA-2024-10111,2023-12-30,2023-12-31,CUST-1003,Customer 4,Corporate,North,Office Supplies,Labels,Office Supplies - Labels Model 115,888.03,4,0.0,179.77
CA-2024-10112,2023-06-19,2023-06-21,CUST-1029,Customer 30,Consumer,North,Office Supplies,Art,Office Supplies - Art Model 990,1995.99,4,0.0,416.87
CA-2024-10113,2023-11-14,2023-11-19,CUST-1107,Customer 108,Corporate,West,Furniture,Bookcases,Furniture - Bookcases Model 365,374.69,7,0.1,72.6
CA-2024-10114,2024-11-19,2024-11-22,CUST-1044,Customer 45,Consumer,South,Technology,Accessories,Technology - Accessories Model 392,24.79,1,0.3,-0.88
CA-2024-10115,2024-02-03,2024-02-04,CUST-1087,Customer 88,Consumer,East,Technology,Phones,Technology - Phones Model 479,913.61,7,0.4,-66.93
CA-2024-10116,2023-08-14,2023-08-15,CUST-1070,Customer 71,Home Office,East,Office Supplies,Appliances,Office Supplies - Appliances Model 674,342.43,3,0.1,48.99
CA-2024-10117,2023-08-14,2023-08-15,CUST-1089,Customer 90,Consumer,South,Office Supplies,Paper,Office Supplies - Paper Model 616,301.38,7,0.0,75.9
CA-2024-10118,2023-01-20,2023-01-22,CUST-1112,Customer 113,Consumer,South,Office Supplies,Storage,Office Supplies - Storage Model 161,1195.73,3,0.2,74.67
CA-2024-10119,2023-04-30,2023-05-05,CUST-1110,Customer 111,Consumer,West,Office Supplies,Storage,Office Supplies - Storage Model 366,1321.71,3,0.0,327.34
CA-2024-10120,2023-07-14,2023-07-15,CUST-1097,Customer 98,Home Office,North,Office Supplies,Labels,Office Supplies - Labels Model 360,668.84,2,0.1,105.19
CA-2024-10121,2023-11-24,2023-11-27,CUST-1004,Customer 5,Consumer,South,Furniture,Furnishings,Furniture - Furnishings Model 787,865.95,5,0.5,-167.86
CA-2024-10122,2023-10-28,2023-11-02,CUST-1114,Customer 115,Home Office,West,Office Supplies,Art,Office Supplies - Art Model 848,778.99,3,0.3,-12.05
CA-2024-10123,2024-07-24,2024-07-27,CUST-1047,Customer 48,Corporate,East,Furniture,Bookcases,Furniture - Bookcases Model 269,159.19,3,0.2,8.89
CA-2024-10124,2024-07-10,2024-07-12,CUST-1114,Customer 115,Home Office,South,Furniture,Tables,Furniture - Tables Model 536,2629.21,7,0.0,672.07
CA-2024-10125,2024-08-11,2024-08-16,CUST-1011,Customer 12,Consumer,West,Furniture,Tables,Furniture - Tables Model 212,2005.67,7,0.0,402.95
CA-2024-10126,2023-12-31,2024-01-03,CUST-1111,Customer 112,Consumer,South,Furniture,Bookcases,Furniture - Bookcases Model 323,1436.36,4,0.15,248.78
CA-2024-10127,2023-10-05,2023-10-09,CUST-1019,Customer 20,Corporate,South,Technology,Machines,Technology - Machines Model 116,350.03,1,0.1,54.11
CA-2024-10128,2024-04-18,2024-04-21,CUST-1081,Customer 82,Home Office,West,Office Supplies,Binders,Office Supplies - Binders Model 775,1053.03,4,0.2,44.71
CA-2024-10129,2023-02-02,2023-02-05,CUST-1074,Customer 75,Corporate,South,Furniture,Chairs,Furniture - Chairs Model 384,1277.07,3,0.1,174.14
CA-2024-10130,2023-06-06,2023-06-09,CUST-1115,Customer 116,Home Office,East,Office Supplies,Paper,Office Supplies - Paper Model 558,88.52,1,0.4,-10.35
CA-2024-10131,2023-01-21,2023-01-26,CUST-1058,Customer 59,Home Office,East,Furniture,Tables,Furniture - Tables Model 606,725.99,4,0.15,112.23
CA-2024-10132,2023-06-12,2023-06-13,CUST-1024,Customer 25,Corporate,South,Technology,Machines,Technology - Machines Model 638,2907.44,6,0.0,607.99
CA-2024-10133,2024-06-03,2024-06-06,CUST-1045,Customer 46,Corporate,East,Office Supplies,Binders,Office Supplies - Binders Model 792,777.31,2,0.15,124.1
CA-2024-10134,2023-06-02,2023-06-03,CUST-1107,Customer 108,Consumer,North,Furniture,Bookcases,Furniture - Bookcases Model 930,1654.93,5,0.0,462.98
CA-2024-10135,2024-01-30,2024-02-04,CUST-1080,Customer 81,Consumer,South,Office Supplies,Storage,Office Supplies - Storage Model 465,2926.38,6,0.0,788.65
CA-2024-10136,2023-04-12,2023-04-13,CUST-1007,Customer 8,Corporate,East,Furniture,Bookcases,Furniture - Bookcases Model 687,3109.25,7,0.1,565.31
CA-2024-10137,2024-10-21,2024-10-22,CUST-1073,Customer 74,Corporate,South,Office Supplies,Storage,Office Supplies - Storage Model 324,288.08,5,0.0,81.37
CA-2024-10138,2024-10-27,2024-10-29,CUST-1037,Customer 38,Corporate,South,Office Supplies,Storage,Office Supplies - Storage Model 205,57.74,1,0.4,-6.21
CA-2024-10139,2024-09-26,2024-09-27,CUST-1005,Customer 6,Corporate,East,Office Supplies,Storage,Office Supplies - Storage Model 815,743.61,2,0.15,117.74
CA-2024-10140,2023-04-21,2023-04-24,CUST-1006,Customer 7,Corporate,West,Office Supplies,Storage,Office Supplies - Storage Model 121,703.12,3,0.0,152.16
CA-2024-10141,2023-01-14,2023-01-17,CUST-1081,Customer 82,Consumer,East,Office Supplies,Labels,Office Supplies - Labels Model 400,470.45,3,0.5,-78.24
CA-2024-10142,2024-09-22,2024-09-27,CUST-1054,Customer 55,Consumer,West,Office Supplies,Storage,Office Supplies - Storage Model 822,113.22,1,0.1,14.51
CA-2024-10143,2023-02-04,2023-02-09,CUST-1092,Customer 93,Consumer,East,Furniture,Furnishings,Furniture - Furnishings Model 916,2747.51,7,0.1,562.21
CA-2024-10144,2024-05-30,2024-06-03,CUST-1107,Customer 108,Corporate,West,Furniture,Bookcases,Furniture - Bookcases Model 707,510.35,2,0.15,65.67
CA-2024-10145,2024-07-31,2024-08-02,CUST-1035,Customer 36,Consumer,South,Technology,Accessories,Technology - Accessories Model 345,482.43,3,0.15,69.06
CA-2024-10146,2024-06-03,2024-06-07,CUST-1111,Customer 112,Corporate,South,Furniture,Chairs,Furniture - Chairs Model 101,513.87,5,0.0,125.24
CA-2024-10147,2024-05-16,2024-05-20,CUST-1110,Customer 111,Corporate,East,Office Supplies,Storage,Office Supplies - Storage Model 842,282.93,3,0.0,67.88
CA-2024-10148,2023-06-12,2023-06-17,CUST-1004,Customer 5,Consumer,West,Office Supplies,Binders,Office Supplies - Binders Model 400,909.71,7,0.0,188.63
CA-2024-10149,2023-09-27,2023-09-29,CUST-1092,Customer 93,Consumer,South,Furniture,Bookcases,Furniture - Bookcases Model 375,1020.42,4,0.15,98.68
CA-2024-10150,2023-10-11,2023-10-12,CUST-1106,Customer 107,Corporate,North,Office Supplies,Labels,Office Supplies - Labels Model 596,999.91,4,0.3,15.81
CA-2024-10151,2023-09-08,2023-09-13,CUST-1019,Customer 20,Consumer,South,Furniture,Bookcases,Furniture - Bookcases Model 119,40.07,1,0.0,9.83
CA-2024-10152,2023-02-28,2023-03-05,CUST-1032,Customer 33,Corporate,South,Office Supplies,Binders,Office Supplies - Binders Model 792,743.25,3,0.0,219.39
CA-2024-10153,2023-11-02,2023-11-07,CUST-1056,Customer 57,Corporate,West,Office Supplies,Storage,Office Supplies - Storage Model 527,1911.97,7,0.0,441.27
CA-2024-10154,2023-12-02,2023-12-04,CUST-1105,Customer 106,Corporate,West,Technology,Phones,Technology - Phones Model 875,381.11,6,0.3,-8.49
CA-2024-10155,2023-07-12,2023-07-14,CUST-1042,Customer 43,Corporate,South,Furniture,Chairs,Furniture - Chairs Model 747,434.34,1,0.0,127.3
CA-2024-10156,2023-01-01,2023-01-04,CUST-1030,Customer 31,Corporate,North,Office Supplies,Labels,Office Supplies - Labels Model 701,184.06,2,0.5,-35.92
CA-2024-10157,2024-08-07,2024-08-08,CUST-1040,Customer 41,Home Office,North,Office Supplies,Appliances,Office Supplies - Appliances Model 258,1268.7,4,0.15,198.58
CA-2024-10158,2024-10-05,2024-10-08,CUST-1069,Customer 70,Home Office,North,Office Supplies,Art,Office Supplies - Art Model 464,2222.91,6,0.1,268.03
CA-2024-10159,2024-10-16,2024-10-17,CUST-1075,Customer 76,Corporate,East,Office Supplies,Binders,Office Supplies - Binders Model 704,209.35,1,0.1,34.43
CA-2024-10160,2023-04-12,2023-04-14,CUST-1010,Customer 11,Corporate,South,Office Supplies,Storage,Office Supplies - Storage Model 876,239.04,2,0.4,-8.43
CA-2024-10161,2024-09-20,2024-09-25,CUST-1025,Customer 26,Consumer,North,Office Supplies,Appliances,Office Supplies - Appliances Model 399,590.87,3,0.2,71.67
CA-2024-10162,2024-05-12,2024-05-16,CUST-1042,Customer 43,Consumer,East,Office Supplies,Appliances,Office Supplies - Appliances Model 223,1338.43,4,0.3,-45.47
CA-2024-10163,2023-05-21,2023-05-24,CUST-1033,Customer 34,Consumer,West,Furniture,Furnishings,Furniture - Furnishings Model 593,1033.42,7,0.1,184.05
CA-2024-10164,2023-04-16,2023-04-20,CUST-1029,Customer 30,Corporate,North,Technology,Accessories,Technology - Accessories Model 444,1597.0,7,0.15,156.74
CA-2024-10165,2023-06-08,2023-06-09,CUST-1041,Customer 42,Consumer,West,Technology,Machines,Technology - Machines Model 985,405.91,1,0.0,102.55
CA-2024-10166,2024-07-12,2024-07-15,CUST-1012,Customer 13,Corporate,South,Office Supplies,Binders,Office Supplies - Binders Model 125,235.68,2,0.0,55.64
CA-2024-10167,2024-11-12,2024-11-13,CUST-1025,Customer 26,Consumer,West,Furniture,Tables,Furniture - Tables Model 711,352.82,2,0.2,41.16
CA-2024-10168,2024-03-14,2024-03-16,CUST-1068,Customer 69,Consumer,East,Technology,Phones,Technology - Phones Model 730,1647.89,6,0.0,435.37
CA-2024-10169,2024-03-30,2024-04-02,CUST-1009,Customer 10,Consumer,North,Office Supplies,Paper,Office Supplies - Paper Model 869,881.5,7,0.15,106.16
CA-2024-10170,2024-01-09,2024-01-14,CUST-1038,Customer 39,Corporate,East,Technology,Machines,Technology - Machines Model 401,130.99,2,0.0,38.06
CA-2024-10171,2024-09-12,2024-09-16,CUST-1103,Customer 104,Corporate,West,Furniture,Furnishings,Furniture - Furnishings Model 452,106.19,1,0.15,13.19
CA-2024-10172,2024-10-03,2024-10-07,CUST-1004,Customer 5,Consumer,West,Office Supplies,Paper,Office Supplies - Paper Model 811,1984.05,6,0.0,487.45
CA-2024-10173,2023-12-08,2023-12-10,CUST-1086,Customer 87,Consumer,South,Office Supplies,Storage,Office Supplies - Storage Model 570,1299.37,6,0.1,280.36
CA-2024-10174,2024-04-21,2024-04-22,CUST-1054,Customer 55,Corporate,South,Office Supplies,Binders,Office Supplies - Binders Model 756,579.29,4,0.1,91.67
CA-2024-10175,2023-10-06,2023-10-10,CUST-1114,Customer 115,Consumer,North,Office Supplies,Binders,Office Supplies - Binders Model 420,2116.93,5,0.0,477.8
CA-2024-10176,2024-03-31,2024-04-01,CUST-1116,Customer 117,Home Office,South,Furniture,Bookcases,Furniture - Bookcases Model 753,504.42,7,0.0,119.05
CA-2024-10177,2023-12-07,2023-12-09,CUST-1090,Customer 91,Consumer,North,Office Supplies,Binders,Office Supplies - Binders Model 801,649.3,4,0.3,-15.47
CA-2024-10178,2024-02-10,2024-02-13,CUST-1014,Customer 15,Home Office,North,Office Supplies,Binders,Office Supplies - Binders Model 338,996.63,6,0.2,77.8
CA-2024-10179,2023-08-04,2023-08-06,CUST-1029,Customer 30,Corporate,East,Office Supplies,Binders,Office Supplies - Binders Model 625,271.23,5,0.0,58.42
CA-2024-10180,2024-04-10,2024-04-14,CUST-1081,Customer 82,Corporate,North,Office Supplies,Appliances,Office Supplies - Appliances Model 921,1053.09,7,0.1,190.21
CA-2024-10181,2023-08-26,2023-08-31,CUST-1051,Customer 52,Corporate,North,Technology,Phones,Technology - Phones Model 216,370.27,5,0.0,79.06
CA-2024-10182,2024-08-02,2024-08-07,CUST-1059,Customer 60,Corporate,West,Office Supplies,Appliances,Office Supplies - Appliances Model 642,520.96,2,0.0,148.55
CA-2024-10183,2024-11-02,2024-11-07,CUST-1042,Customer 43,Corporate,West,Office Supplies,Art,Office Supplies - Art Model 616,787.34,2,0.0,195.62
CA-2024-10184,2024-11-20,2024-11-25,CUST-1030,Customer 31,Corporate,North,Office Supplies,Labels,Office Supplies - Labels Model 198,204.78,4,0.0,43.03
CA-2024-10185,2023-03-21,2023-03-25,CUST-1096,Customer 97,Corporate,East,Furniture,Bookcases,Furniture - Bookcases Model 458,518.88,5,0.15,68.86
CA-2024-10186,2023-08-19,2023-08-21,CUST-1062,Customer 63,Corporate,East,Office Supplies,Appliances,Office Supplies - Appliances Model 582,696.11,4,0.1,95.85
CA-2024-10187,2024-08-20,2024-08-25,CUST-1054,Customer 55,Consumer,East,Office Supplies,Paper,Office Supplies - Paper Model 690,2081.39,7,0.0,527.7
CA-2024-10188,2023-03-06,2023-03-11,CUST-1084,Customer 85,Home Office,North,Technology,Accessories,Technology - Accessories Model 272,35.68,1,0.0,9.09
CA-2024-10189,2024-12-03,2024-12-08,CUST-1051,Customer 52,Consumer,North,Office Supplies,Binders,Office Supplies - Binders Model 645,586.39,4,0.15,94.45
CA-2024-10190,2024-03-11,2024-03-16,CUST-1037,Customer 38,Consumer,South,Technology,Phones,Technology - Phones Model 291,237.99,1,0.4,-9.31
CA-2024-10191,2024-07-13,2024-07-18,CUST-1096,Customer 97,Home Office,South,Furniture,Furnishings,Furniture - Furnishings Model 888,2470.38,7,0.15,418.76
CA-2024-10192,2023-07-19,2023-07-20,CUST-1078,Customer 79,Home Office,East,Office Supplies,Art,Office Supplies - Art Model 680,335.39,1,0.1,41.85
CA-2024-10193,2023-07-19,2023-07-20,CUST-1086,Customer 87,Corporate,North,Technology,Copiers,Technology - Copiers Model 763,109.66,4,0.15,12.65
CA-2024-10194,2024-01-01,2024-01-05,CUST-1010,Customer 11,Home Office,East,Office Supplies,Binders,Office Supplies - Binders Model 662,447.49,5,0.1,90.86
CA-2024-10195,2024-06-03,2024-06-05,CUST-1037,Customer 38,Consumer,West,Technology,Copiers,Technology - Copiers Model 747,194.04,1,0.5,-25.86
CA-2024-10196,2024-07-14,2024-07-18,CUST-1067,Customer 68,Corporate,North,Technology,Copiers,Technology - Copiers Model 289,719.15,2,0.2,49.82
CA-2024-10197,2024-05-02,2024-05-04,CUST-1117,Customer 118,Consumer,West,Office Supplies,Binders,Office Supplies - Binders Model 325,539.89,7,0.0,140.29
CA-2024-10198,2024-10-26,2024-10-29,CUST-1077,Customer 78,Consumer,North,Furniture,Furnishings,Furniture - Furnishings Model 513,1860.94,4,0.0,537.24
CA-2024-10199,2023-05-02,2023-05-03,CUST-1011,Customer 12,Home Office,South,Office Supplies,Paper,Office Supplies - Paper Model 760,2496.57,6,0.15,393.57
CA-2024-10200,2023-08-24,2023-08-27,CUST-1085,Customer 86,Corporate,North,Technology,Phones,Technology - Phones Model 880,403.47,5,0.15,35.98
CA-2024-10201,2024-07-15,2024-07-18,CUST-1022,Customer 23,Home Office,North,Office Supplies,Appliances,Office Supplies - Appliances Model 800,1126.68,3,0.0,289.0
CA-2024-10202,2024-02-17,2024-02-21,CUST-1110,Customer 111,Home Office,North,Furniture,Chairs,Furniture - Chairs Model 285,16.6,1,0.15,2.79
CA-2024-10203,2023-04-14,2023-04-17,CUST-1095,Customer 96,Home Office,South,Furniture,Chairs,Furniture - Chairs Model 504,2204.71,7,0.15,328.04
CA-2024-10204,2023-04-22,2023-04-27,CUST-1008,Customer 9,Corporate,South,Technology,Accessories,Technology - Accessories Model 665,2513.1,6,0.0,743.39
CA-2024-10205,2024-01-12,2024-01-16,CUST-1074,Customer 75,Corporate,East,Office Supplies,Art,Office Supplies - Art Model 200,475.56,7,0.1,91.41
CA-2024-10206,2024-06-19,2024-06-22,CUST-1025,Customer 26,Consumer,North,Furniture,Tables,Furniture - Tables Model 504,174.6,6,0.0,48.79
CA-2024-10207,2023-01-20,2023-01-21,CUST-1118,Customer 119,Home Office,North,Office Supplies,Appliances,Office Supplies - Appliances Model 435,447.62,4,0.1,80.73
CA-2024-10208,2023-06-11,2023-06-13,CUST-1018,Customer 19,Consumer,West,Office Supplies,Paper,Office Supplies - Paper Model 310,184.44,5,0.15,32.87
CA-2024-10209,2023-04-27,2023-05-01,CUST-1063,Customer 64,Corporate,North,Furniture,Tables,Furniture - Tables Model 212,451.0,2,0.0,93.02
CA-2024-10210,2024-04-20,2024-04-23,CUST-1046,Customer 47,Home Office,West,Furniture,Bookcases,Furniture - Bookcases Model 500,1037.48,4,0.2,53.78
CA-2024-10211,2024-12-10,2024-12-14,CUST-1074,Customer 75,Corporate,South,Office Supplies,Labels,Office Supplies - Labels Model 599,381.37,2,0.0,102.98
CA-2024-10212,2023-09-11,2023-09-16,CUST-1069,Customer 70,Corporate,North,Office Supplies,Art,Office Supplies - Art Model 525,600.0,2,0.3,26.52
CA-2024-10213,2023-02-18,2023-02-23,CUST-1073,Customer 74,Home Office,West,Furniture,Furnishings,Furniture - Furnishings Model 737,515.27,2,0.3,19.59
CA-2024-10214,2024-09-03,2024-09-04,CUST-1053,Customer 54,Consumer,West,Furniture,Tables,Furniture - Tables Model 695,1334.49,4,0.0,304.63
CA-2024-10215,2024-09-09,2024-09-13,CUST-1006,Customer 7,Consumer,West,Office Supplies,Storage,Office Supplies - Storage Model 947,1228.72,7,0.1,242.88
CA-2024-10216,2024-07-09,2024-07-10,CUST-1044,Customer 45,Home Office,East,Furniture,Chairs,Furniture - Chairs Model 974,330.14,4,0.0,91.51
CA-2024-10217,2023-03-11,2023-03-13,CUST-1031,Customer 32,Corporate,West,Furniture,Furnishings,Furniture - Furnishings Model 298,370.48,2,0.1,54.1
CA-2024-10218,2023-11-09,2023-11-14,CUST-1057,Customer 58,Home Office,North,Office Supplies,Storage,Office Supplies - Storage Model 404,144.0,1,0.4,-3.35
CA-2024-10219,2024-03-20,2024-03-21,CUST-1032,Customer 33,Consumer,West,Office Supplies,Labels,Office Supplies - Labels Model 426,311.96,1,0.1,41.02
CA-2024-10220,2023-12-20,2023-12-24,CUST-1057,Customer 58,Corporate,East,Office Supplies,Labels,Office Supplies - Labels Model 709,262.26,6,0.2,21.73
CA-2024-10221,2024-05-31,2024-06-02,CUST-1021,Customer 22,Home Office,South,Furniture,Furnishings,Furniture - Furnishings Model 979,1500.53,7,0.1,189.41
CA-2024-10222,2023-10-21,2023-10-25,CUST-1058,Customer 59,Consumer,West,Office Supplies,Labels,Office Supplies - Labels Model 131,505.55,4,0.1,99.01
CA-2024-10223,2023-08-02,2023-08-07,CUST-1078,Customer 79,Home Office,West,Furniture,Bookcases,Furniture - Bookcases Model 779,886.9,2,0.1,155.43
CA-2024-10224,2023-09-11,2023-09-14,CUST-1071,Customer 72,Consumer,South,Office Supplies,Paper,Office Supplies - Paper Model 778,333.54,1,0.0,69.82
CA-2024-10225,2024-12-09,2024-12-12,CUST-1010,Customer 11,Consumer,South,Furniture,Furnishings,Furniture - Furnishings Model 575,1625.11,5,0.15,259.68
CA-2024-10226,2024-07-12,2024-07-14,CUST-1041,Customer 42,Consumer,South,Office Supplies,Art,Office Supplies - Art Model 976,908.96,2,0.0,227.88
CA-2024-10227,2023-08-08,2023-08-09,CUST-1118,Customer 119,Consumer,North,Office Supplies,Art,Office Supplies - Art Model 712,822.8,6,0.4,-28.23
CA-2024-10228,2024-10-10,2024-10-14,CUST-1010,Customer 11,Corporate,West,Technology,Phones,Technology - Phones Model 986,379.34,6,0.15,36.64
CA-2024-10229,2023-04-12,2023-04-14,CUST-1094,Customer 95,Corporate,West,Furniture,Bookcases,Furniture - Bookcases Model 230,216.63,1,0.2,13.21
CA-2024-10230,2024-10-06,2024-10-09,CUST-1060,Customer 61,Consumer,North,Technology,Accessories,Technology - Accessories Model 745,718.94,4,0.5,-78.99
CA-2024-10231,2023-12-30,2024-01-03,CUST-1072,Customer 73,Consumer,South,Technology,Machines,Technology - Machines Model 575,1349.18,5,0.0,281.6
CA-2024-10232,2024-02-21,2024-02-26,CUST-1034,Customer 35,Consumer,North,Office Supplies,Storage,Office Supplies - Storage Model 413,1860.46,7,0.15,214.39
CA-2024-10233,2024-09-11,2024-09-14,CUST-1093,Customer 94,Home Office,East,Furniture,Bookcases,Furniture - Bookcases Model 371,169.77,3,0.15,14.76
CA-2024-10234,2024-03-29,2024-03-30,CUST-1019,Customer 20,Consumer,West,Furniture,Furnishings,Furniture - Furnishings Model 290,324.15,2,0.1,48.79
CA-2024-10235,2023-07-10,2023-07-15,CUST-1098,Customer 99,Corporate,North,Office Supplies,Paper,Office Supplies - Paper Model 559,102.31,1,0.2,10.9
CA-2024-10236,2023-07-29,2023-08-01,CUST-1096,Customer 97,Home Office,East,Office Supplies,Art,Office Supplies - Art Model 453,1390.93,6,0.0,331.27
CA-2024-10237,2024-12-02,2024-12-05,CUST-1018,Customer 19,Home Office,South,Office Supplies,Labels,Office Supplies - Labels Model 380,921.48,6,0.3,-11.05
CA-2024-10238,2023-03-24,2023-03-27,CUST-1002,Customer 3,Corporate,North,Technology,Phones,Technology - Phones Model 426,316.35,1,0.0,89.51
CA-2024-10239,2024-05-22,2024-05-25,CUST-1046,Customer 47,Consumer,West,Office Supplies,Appliances,Office Supplies - Appliances Model 775,370.92,6,0.0,95.22
CA-2024-10240,2023-03-30,2023-04-02,CUST-1052,Customer 53,Consumer,East,Office Supplies,Labels,Office Supplies - Labels Model 807,129.58,4,0.3,3.47
CA-2024-10241,2024-09-13,2024-09-14,CUST-1119,Customer 120,Consumer,East,Office Supplies,Paper,Office Supplies - Paper Model 980,552.12,4,0.1,121.21
CA-2024-10242,2024-07-15,2024-07-20,CUST-1020,Customer 21,Consumer,West,Furniture,Furnishings,Furniture - Furnishings Model 300,1277.27,4,0.3,-42.83
CA-2024-10243,2024-04-24,2024-04-25,CUST-1007,Customer 8,Corporate,East,Furniture,Chairs,Furniture - Chairs Model 687,1429.49,7,0.15,241.94
CA-2024-10244,2024-08-27,2024-09-01,CUST-1050,Customer 51,Consumer,North,Office Supplies,Binders,Office Supplies - Binders Model 922,1053.99,4,0.0,293.72
CA-2024-10245,2024-08-01,2024-08-05,CUST-1065,Customer 66,Consumer,East,Office Supplies,Labels,Office Supplies - Labels Model 683,1354.67,6,0.3,-53.79
CA-2024-10246,2024-07-26,2024-07-30,CUST-1005,Customer 6,Consumer,West,Furniture,Chairs,Furniture - Chairs Model 548,1050.64,5,0.1,146.68
CA-2024-10247,2023-10-18,2023-10-23,CUST-1083,Customer 84,Consumer,North,Office Supplies,Labels,Office Supplies - Labels Model 401,93.61,3,0.2,6.41
CA-2024-10248,2023-12-07,2023-12-12,CUST-1048,Customer 49,Consumer,South,Furniture,Chairs,Furniture - Chairs Model 332,1037.76,5,0.0,292.46
CA-2024-10249,2024-07-24,2024-07-25,CUST-1038,Customer 39,Consumer,East,Furniture,Tables,Furniture - Tables Model 432,2328.86,5,0.0,564.01
CA-2024-10250,2023-11-28,2023-12-03,CUST-1116,Customer 117,Consumer,North,Office Supplies,Appliances,Office Supplies - Appliances Model 701,812.95,2,0.15,135.18
CA-2024-10251,2023-06-23,2023-06-28,CUST-1046,Customer 47,Consumer,East,Technology,Accessories,Technology - Accessories Model 423,1196.91,7,0.15,106.8
CA-2024-10252,2024-02-16,2024-02-20,CUST-1112,Customer 113,Consumer,South,Office Supplies,Labels,Office Supplies - Labels Model 869,288.37,1,0.15,48.68
CA-2024-10253,2023-09-23,2023-09-25,CUST-1050,Customer 51,Home Office,North,Furniture,Tables,Furniture - Tables Model 183,1135.3,5,0.3,-37.87
CA-2024-10254,2023-12-16,2023-12-18,CUST-1080,Customer 81,Corporate,West,Furniture,Bookcases,Furniture - Bookcases Model 410,412.92,2,0.3,16.85
CA-2024-10255,2023-05-07,2023-05-08,CUST-1022,Customer 23,Home Office,South,Technology,Accessories,Technology - Accessories Model 206,670.55,3,0.0,170.49
CA-2024-10256,2024-09-25,2024-09-29,CUST-1107,Customer 108,Corporate,East,Office Supplies,Binders,Office Supplies - Binders Model 946,2683.0,7,0.0,692.8
CA-2024-10257,2023-04-28,2023-05-02,CUST-1032,Customer 33,Corporate,South,Furniture,Bookcases,Furniture - Bookcases Model 106,84.16,1,0.0,18.13
CA-2024-10258,2024-10-30,2024-11-01,CUST-1059,Customer 60,Consumer,East,Office Supplies,Art,Office Supplies - Art Model 225,258.45,1,0.15,36.33
CA-2024-10259,2024-11-18,2024-11-22,CUST-1055,Customer 56,Home Office,North,Furniture,Bookcases,Furniture - Bookcases Model 976,2918.59,6,0.0,731.24
CA-2024-10260,2023-03-16,2023-03-21,CUST-1003,Customer 4,Consumer,South,Furniture,Furnishings,Furniture - Furnishings Model 333,992.57,6,0.2,85.21
CA-2024-10261,2024-06-25,2024-06-27,CUST-1100,Customer 101,Home Office,North,Technology,Phones,Technology - Phones Model 134,891.75,4,0.5,-129.72
CA-2024-10262,2023-03-18,2023-03-21,CUST-1046,Customer 47,Consumer,North,Office Supplies,Paper,Office Supplies - Paper Model 167,441.32,1,0.1,76.86
CA-2024-10263,2024-01-14,2024-01-17,CUST-1002,Customer 3,Consumer,West,Office Supplies,Storage,Office Supplies - Storage Model 596,1827.78,7,0.0,542.2
CA-2024-10264,2023-12-25,2023-12-29,CUST-1114,Customer 115,Consumer,East,Furniture,Tables,Furniture - Tables Model 210,1480.06,4,0.1,324.7
CA-2024-10265,2023-04-14,2023-04-15,CUST-1023,Customer 24,Corporate,North,Office Supplies,Binders,Office Supplies - Binders Model 616,687.79,4,0.3,-18.41
CA-2024-10266,2023-04-01,2023-04-06,CUST-1097,Customer 98,Corporate,North,Office Supplies,Paper,Office Supplies - Paper Model 760,2637.19,7,0.0,736.89
CA-2024-10267,2023-01-20,2023-01-21,CUST-1045,Customer 46,Consumer,South,Furniture,Tables,Furniture - Tables Model 765,1570.49,4,0.2,140.08
CA-2024-10268,2024-11-25,2024-11-27,CUST-1099,Customer 100,Consumer,North,Office Supplies,Art,Office Supplies - Art Model 814,1243.58,3,0.1,256.87
CA-2024-10269,2023-03-23,2023-03-27,CUST-1050,Customer 51,Corporate,East,Office Supplies,Appliances,Office Supplies - Appliances Model 262,112.23,1,0.0,22.48
CA-2024-10270,2023-12-03,2023-12-04,CUST-1096,Customer 97,Home Office,East,Office Supplies,Art,Office Supplies - Art Model 542,178.1,7,0.15,30.75
CA-2024-10271,2024-12-20,2024-12-22,CUST-1095,Customer 96,Home Office,South,Office Supplies,Paper,Office Supplies - Paper Model 909,1608.92,5,0.0,451.21
CA-2024-10272,2024-10-25,2024-10-28,CUST-1055,Customer 56,Corporate,South,Furniture,Tables,Furniture - Tables Model 469,343.26,1,0.0,68.73
CA-2024-10273,2024-08-01,2024-08-02,CUST-1035,Customer 36,Home Office,North,Furniture,Bookcases,Furniture - Bookcases Model 843,1596.26,4,0.15,249.99
CA-2024-10274,2024-11-06,2024-11-09,CUST-1065,Customer 66,Consumer,East,Office Supplies,Paper,Office Supplies - Paper Model 483,2438.74,7,0.0,572.82
CA-2024-10275,2023-07-07,2023-07-12,CUST-1044,Customer 45,Corporate,North,Technology,Copiers,Technology - Copiers Model 457,144.26,1,0.1,28.77
CA-2024-10276,2024-10-17,2024-10-21,CUST-1065,Customer 66,Consumer,North,Office Supplies,Binders,Office Supplies - Binders Model 389,741.31,7,0.3,0.38
CA-2024-10277,2023-01-27,2023-02-01,CUST-1102,Customer 103,Consumer,North,Office Supplies,Paper,Office Supplies - Paper Model 536,93.99,3,0.0,24.89
CA-2024-10278,2024-12-26,2024-12-27,CUST-1054,Customer 55,Corporate,South,Office Supplies,Binders,Office Supplies - Binders Model 555,965.63,4,0.15,100.61
CA-2024-10279,2024-02-16,2024-02-20,CUST-1052,Customer 53,Home Office,South,Office Supplies,Binders,Office Supplies - Binders Model 304,827.36,2,0.1,112.41
CA-2024-10280,2023-10-17,2023-10-19,CUST-1119,Customer 120,Corporate,East,Furniture,Bookcases,Furniture - Bookcases Model 690,58.35,1,0.1,7.28
CA-2024-10281,2023-04-06,2023-04-07,CUST-1086,Customer 87,Corporate,West,Furniture,Bookcases,Furniture - Bookcases Model 988,220.47,4,0.0,52.04
CA-2024-10282,2024-10-20,2024-10-21,CUST-1026,Customer 27,Home Office,West,Office Supplies,Art,Office Supplies - Art Model 240,1319.14,6,0.0,391.0
CA-2024-10283,2024-02-25,2024-02-26,CUST-1057,Customer 58,Consumer,North,Office Supplies,Art,Office Supplies - Art Model 828,712.74,2,0.0,160.67
CA-2024-10284,2023-08-23,2023-08-28,CUST-1100,Customer 101,Home Office,West,Furniture,Furnishings,Furniture - Furnishings Model 530,472.83,1,0.0,131.53
CA-2024-10285,2024-10-13,2024-10-18,CUST-1041,Customer 42,Consumer,South,Technology,Machines,Technology - Machines Model 652,417.94,2,0.15,65.65
CA-2024-10286,2024-03-30,2024-03-31,CUST-1012,Customer 13,Consumer,North,Office Supplies,Storage,Office Supplies - Storage Model 627,1053.07,6,0.1,219.06
CA-2024-10287,2023-04-10,2023-04-15,CUST-1086,Customer 87,Corporate,South,Office Supplies,Binders,Office Supplies - Binders Model 373,1899.71,6,0.15,227.04
CA-2024-10288,2024-05-02,2024-05-03,CUST-1099,Customer 100,Consumer,East,Office Supplies,Labels,Office Supplies - Labels Model 148,124.35,2,0.1,16.16
CA-2024-10289,2024-08-08,2024-08-13,CUST-1036,Customer 37,Home Office,South,Furniture,Furnishings,Furniture - Furnishings Model 497,183.27,1,0.15,20.71
CA-2024-10290,2023-07-01,2023-07-05,CUST-1023,Customer 24,Corporate,North,Technology,Machines,Technology - Machines Model 957,1236.99,4,0.1,181.5
CA-2024-10291,2024-04-09,2024-04-13,CUST-1057,Customer 58,Home Office,South,Furniture,Tables,Furniture - Tables Model 274,812.94,2,0.0,197.99
CA-2024-10292,2024-05-15,2024-05-16,CUST-1032,Customer 33,Corporate,East,Office Supplies,Paper,Office Supplies - Paper Model 111,39.92,3,0.15,5.38
CA-2024-10293,2023-08-16,2023-08-19,CUST-1072,Customer 73,Corporate,West,Office Supplies,Labels,Office Supplies - Labels Model 603,1422.77,6,0.0,412.53
CA-2024-10294,2024-05-03,2024-05-08,CUST-1097,Customer 98,Corporate,North,Office Supplies,Binders,Office Supplies - Binders Model 317,297.37,1,0.0,75.26
CA-2024-10295,2024-03-09,2024-03-12,CUST-1014,Customer 15,Corporate,South,Office Supplies,Art,Office Supplies - Art Model 189,153.97,2,0.3,6.89
CA-2024-10296,2024-05-21,2024-05-26,CUST-1082,Customer 83,Consumer,North,Office Supplies,Binders,Office Supplies - Binders Model 962,820.69,3,0.2,110.58
CA-2024-10297,2023-04-12,2023-04-16,CUST-1056,Customer 57,Home Office,North,Office Supplies,Storage,Office Supplies - Storage Model 852,1585.57,4,0.15,197.83
CA-2024-10298,2024-07-19,2024-07-20,CUST-1049,Customer 50,Consumer,South,Furniture,Bookcases,Furniture - Bookcases Model 221,1464.62,5,0.15,253.18
CA-2024-10299,2024-03-21,2024-03-23,CUST-1077,Customer 78,Corporate,North,Office Supplies,Art,Office Supplies - Art Model 617,647.05,4,0.3,17.75
CA-2024-10300,2024-12-21,2024-12-24,CUST-1076,Customer 77,Corporate,East,Furniture,Chairs,Furniture - Chairs Model 780,298.37,3,0.1,47.94
CA-2024-10301,2024-11-29,2024-12-01,CUST-1061,Customer 62,Corporate,East,Office Supplies,Storage,Office Supplies - Storage Model 118,512.07,6,0.15,91.21
CA-2024-10302,2023-09-17,2023-09-21,CUST-1114,Customer 115,Corporate,North,Technology,Copiers,Technology - Copiers Model 910,321.49,2,0.4,-25.95
CA-2024-10303,2023-12-28,2024-01-01,CUST-1110,Customer 111,Consumer,East,Office Supplies,Art,Office Supplies - Art Model 695,1214.08,6,0.3,24.65
CA-2024-10304,2024-02-25,2024-02-27,CUST-1035,Customer 36,Consumer,West,Office Supplies,Art,Office Supplies - Art Model 827,732.45,2,0.1,147.1
CA-2024-10305,2024-09-04,2024-09-07,CUST-1092,Customer 93,Consumer,North,Furniture,Furnishings,Furniture - Furnishings Model 364,439.02,7,0.3,26.05
CA-2024-10306,2024-11-02,2024-11-03,CUST-1092,Customer 93,Consumer,East,Office Supplies,Appliances,Office Supplies - Appliances Model 705,414.39,1,0.1,61.15
CA-2024-10307,2023-01-17,2023-01-19,CUST-1044,Customer 45,Consumer,West,Office Supplies,Storage,Office Supplies - Storage Model 423,425.93,1,0.0,124.3
CA-2024-10308,2024-09-19,2024-09-21,CUST-1058,Customer 59,Consumer,North,Furniture,Bookcases,Furniture - Bookcases Model 500,434.33,5,0.0,105.6
CA-2024-10309,2023-09-13,2023-09-16,CUST-1055,Customer 56,Corporate,East,Office Supplies,Art,Office Supplies - Art Model 502,415.27,7,0.3,22.69
CA-2024-10310,2024-07-05,2024-07-10,CUST-1020,Customer 21,Corporate,East,Office Supplies,Storage,Office Supplies - Storage Model 727,114.16,1,0.0,29.61
CA-2024-10311,2024-07-11,2024-07-15,CUST-1109,Customer 110,Consumer,West,Furniture,Tables,Furniture - Tables Model 520,1333.37,7,0.2,164.78
CA-2024-10312,2023-07-08,2023-07-12,CUST-1097,Customer 98,Corporate,West,Office Supplies,Art,Office Supplies - Art Model 389,3078.62,7,0.0,705.01
CA-2024-10313,2024-08-03,2024-08-08,CUST-1061,Customer 62,Corporate,North,Office Supplies,Paper,Office Supplies - Paper Model 425,83.0,2,0.0,18.29
CA-2024-10314,2023-03-26,2023-03-31,CUST-1083,Customer 84,Consumer,East,Furniture,Furnishings,Furniture - Furnishings Model 943,736.5,7,0.15,89.55
CA-2024-10315,2023-12-09,2023-12-11,CUST-1049,Customer 50,Home Office,North,Office Supplies,Art,Office Supplies - Art Model 305,113.7,3,0.5,-18.13
CA-2024-10316,2024-06-11,2024-06-16,CUST-1053,Customer 54,Corporate,North,Office Supplies,Storage,Office Supplies - Storage Model 301,40.04,2,0.2,3.94
CA-2024-10317,2024-10-12,2024-10-14,CUST-1085,Customer 86,Consumer,West,Technology,Copiers,Technology - Copiers Model 252,390.11,5,0.0,98.07
CA-2024-10318,2024-12-29,2025-01-01,CUST-1035,Customer 36,Home Office,East,Technology,Machines,Technology - Machines Model 882,867.48,3,0.2,45.29
CA-2024-10319,2024-01-13,2024-01-18,CUST-1056,Customer 57,Consumer,East,Furniture,Bookcases,Furniture - Bookcases Model 240,236.99,4,0.5,-27.1
CA-2024-10320,2024-07-28,2024-07-29,CUST-1075,Customer 76,Corporate,North,Technology,Phones,Technology - Phones Model 948,1257.17,7,0.1,199.54
CA-2024-10321,2024-03-27,2024-03-29,CUST-1112,Customer 113,Consumer,West,Furniture,Chairs,Furniture - Chairs Model 925,564.69,2,0.1,81.03
CA-2024-10322,2023-11-11,2023-11-16,CUST-1082,Customer 83,Corporate,North,Technology,Copiers,Technology - Copiers Model 292,988.71,6,0.0,292.81
CA-2024-10323,2024-04-27,2024-04-30,CUST-1075,Customer 76,Consumer,East,Technology,Machines,Technology - Machines Model 194,1156.73,7,0.0,325.78
CA-2024-10324,2023-11-09,2023-11-14,CUST-1071,Customer 72,Consumer,West,Technology,Accessories,Technology - Accessories Model 883,1473.67,3,0.0,394.06
CA-2024-10325,2023-05-04,2023-05-05,CUST-1112,Customer 113,Consumer,North,Office Supplies,Art,Office Supplies - Art Model 239,284.69,1,0.1,59.16
CA-2024-10326,2023-03-10,2023-03-13,CUST-1032,Customer 33,Consumer,West,Office Supplies,Paper,Office Supplies - Paper Model 296,299.84,6,0.0,88.29
CA-2024-10327,2023-05-21,2023-05-25,CUST-1053,Customer 54,Corporate,East,Furniture,Tables,Furniture - Tables Model 227,1516.82,4,0.0,345.28
CA-2024-10328,2024-12-14,2024-12-15,CUST-1056,Customer 57,Consumer,South,Office Supplies,Labels,Office Supplies - Labels Model 421,1214.45,5,0.5,-175.43
CA-2024-10329,2023-03-23,2023-03-25,CUST-1083,Customer 84,Consumer,East,Office Supplies,Art,Office Supplies - Art Model 486,97.4,1,0.15,13.94
CA-2024-10330,2024-08-08,2024-08-10,CUST-1042,Customer 43,Corporate,East,Furniture,Chairs,Furniture - Chairs Model 119,811.85,6,0.15,102.13
CA-2024-10331,2024-04-27,2024-04-29,CUST-1029,Customer 30,Corporate,South,Technology,Copiers,Technology - Copiers Model 382,291.44,1,0.15,40.32
CA-2024-10332,2024-03-18,2024-03-22,CUST-1058,Customer 59,Corporate,North,Furniture,Tables,Furniture - Tables Model 253,698.42,5,0.4,-32.37
CA-2024-10333,2024-07-13,2024-07-18,CUST-1119,Customer 120,Corporate,South,Office Supplies,Appliances,Office Supplies - Appliances Model 383,1436.99,5,0.1,208.81
CA-2024-10334,2023-06-13,2023-06-16,CUST-1000,Customer 1,Consumer,North,Technology,Accessories,Technology - Accessories Model 899,714.68,6,0.0,143.53
CA-2024-10335,2023-02-23,2023-02-25,CUST-1034,Customer 35,Home Office,North,Technology,Machines,Technology - Machines Model 466,632.14,5,0.1,103.57
CA-2024-10336,2023-09-05,2023-09-09,CUST-1016,Customer 17,Corporate,North,Furniture,Furnishings,Furniture - Furnishings Model 592,47.46,1,0.2,2.14
CA-2024-10337,2024-03-11,2024-03-12,CUST-1109,Customer 110,Consumer,West,Technology,Copiers,Technology - Copiers Model 160,1127.17,6,0.15,166.02
CA-2024-10338,2023-12-04,2023-12-06,CUST-1081,Customer 82,Home Office,East,Office Supplies,Appliances,Office Supplies - Appliances Model 603,201.85,2,0.1,29.34
CA-2024-10339,2024-08-25,2024-08-28,CUST-1109,Customer 110,Consumer,North,Furniture,Tables,Furniture - Tables Model 956,707.2,4,0.0,204.76
CA-2024-10340,2024-10-10,2024-10-12,CUST-1055,Customer 56,Corporate,South,Office Supplies,Art,Office Supplies - Art Model 222,642.87,2,0.1,111.54
CA-2024-10341,2024-09-10,2024-09-15,CUST-1078,Customer 79,Consumer,South,Office Supplies,Art,Office Supplies - Art Model 797,92.26,4,0.1,14.83
CA-2024-10342,2023-03-29,2023-04-02,CUST-1091,Customer 92,Consumer,East,Office Supplies,Paper,Office Supplies - Paper Model 853,1279.54,6,0.0,276.44
CA-2024-10343,2024-10-06,2024-10-07,CUST-1073,Customer 74,Home Office,South,Technology,Phones,Technology - Phones Model 402,833.5,3,0.2,34.0
CA-2024-10344,2023-05-20,2023-05-24,CUST-1026,Customer 27,Corporate,East,Furniture,Bookcases,Furniture - Bookcases Model 418,41.73,1,0.2,2.57
CA-2024-10345,2024-07-20,2024-07-25,CUST-1035,Customer 36,Corporate,North,Office Supplies,Labels,Office Supplies - Labels Model 980,64.75,1,0.0,18.32
CA-2024-10346,2023-02-08,2023-02-09,CUST-1117,Customer 118,Corporate,East,Technology,Copiers,Technology - Copiers Model 513,1368.1,6,0.0,336.44
CA-2024-10347,2024-08-21,2024-08-26,CUST-1031,Customer 32,Corporate,East,Office Supplies,Appliances,Office Supplies - Appliances Model 500,1590.37,5,0.15,243.71
CA-2024-10348,2023-01-18,2023-01-19,CUST-1029,Customer 30,Consumer,East,Office Supplies,Art,Office Supplies - Art Model 733,672.56,4,0.1,88.67
CA-2024-10349,2023-08-22,2023-08-26,CUST-1010,Customer 11,Consumer,East,Furniture,Tables,Furniture - Tables Model 246,640.09,6,0.4,-37.36
CA-2024-10350,2024-05-23,2024-05-24,CUST-1046,Customer 47,Corporate,North,Office Supplies,Storage,Office Supplies - Storage Model 274,1712.22,5,0.1,276.0
CA-2024-10351,2023-04-03,2023-04-08,CUST-1047,Customer 48,Corporate,West,Technology,Copiers,Technology - Copiers Model 739,490.51,1,0.0,117.32
CA-2024-10352,2023-11-01,2023-11-04,CUST-1006,Customer 7,Corporate,East,Office Supplies,Labels,Office Supplies - Labels Model 673,339.56,1,0.15,41.02
CA-2024-10353,2024-06-24,2024-06-29,CUST-1106,Customer 107,Corporate,West,Technology,Accessories,Technology - Accessories Model 767,317.86,1,0.1,65.93
CA-2024-10354,2024-02-29,2024-03-03,CUST-1107,Customer 108,Consumer,North,Office Supplies,Appliances,Office Supplies - Appliances Model 438,289.09,1,0.3,1.92
CA-2024-10355,2024-11-23,2024-11-24,CUST-1103,Customer 104,Consumer,West,Furniture,Furnishings,Furniture - Furnishings Model 747,1762.06,4,0.0,483.35
CA-2024-10356,2023-12-01,2023-12-05,CUST-1115,Customer 116,Corporate,North,Office Supplies,Appliances,Office Supplies - Appliances Model 656,989.54,4,0.5,-142.59
CA-2024-10357,2023-11-19,2023-11-22,CUST-1002,Customer 3,Consumer,West,Office Supplies,Paper,Office Supplies - Paper Model 743,960.62,4,0.0,225.74
CA-2024-10358,2023-04-06,2023-04-09,CUST-1029,Customer 30,Consumer,South,Technology,Phones,Technology - Phones Model 447,514.42,2,0.2,48.79
CA-2024-10359,2024-02-13,2024-02-17,CUST-1007,Customer 8,Consumer,South,Office Supplies,Appliances,Office Supplies - Appliances Model 929,647.13,2,0.2,26.83
CA-2024-10360,2023-07-30,2023-08-03,CUST-1028,Customer 29,Consumer,West,Furniture,Furnishings,Furniture - Furnishings Model 541,2710.17,7,0.15,334.21
CA-2024-10361,2024-05-04,2024-05-09,CUST-1116,Customer 117,Corporate,South,Office Supplies,Appliances,Office Supplies - Appliances Model 368,1082.09,3,0.0,281.32
CA-2024-10362,2024-01-21,2024-01-25,CUST-1009,Customer 10,Corporate,East,Office Supplies,Storage,Office Supplies - Storage Model 613,191.57,3,0.2,20.3
CA-2024-10363,2024-01-04,2024-01-05,CUST-1110,Customer 111,Corporate,East,Office Supplies,Labels,Office Supplies - Labels Model 784,1766.17,5,0.15,179.92
CA-2024-10364,2024-08-08,2024-08-13,CUST-1078,Customer 79,Home Office,West,Office Supplies,Paper,Office Supplies - Paper Model 439,1560.91,4,0.0,379.67
CA-2024-10365,2024-11-07,2024-11-12,CUST-1020,Customer 21,Home Office,East,Office Supplies,Paper,Office Supplies - Paper Model 789,276.59,1,0.3,13.5
CA-2024-10366,2024-03-30,2024-04-04,CUST-1101,Customer 102,Consumer,West,Furniture,Chairs,Furniture - Chairs Model 992,71.43,3,0.5,-11.95
CA-2024-10367,2023-04-01,2023-04-06,CUST-1073,Customer 74,Consumer,East,Furniture,Tables,Furniture - Tables Model 499,128.66,1,0.4,-3.97
CA-2024-10368,2024-05-13,2024-05-16,CUST-1029,Customer 30,Consumer,West,Office Supplies,Paper,Office Supplies - Paper Model 265,39.64,2,0.15,4.4
CA-2024-10369,2024-11-25,2024-11-28,CUST-1057,Customer 58,Corporate,West,Office Supplies,Appliances,Office Supplies - Appliances Model 237,408.88,4,0.5,-50.83
CA-2024-10370,2024-11-13,2024-11-15,CUST-1073,Customer 74,Consumer,North,Furniture,Tables,Furniture - Tables Model 954,2791.01,6,0.0,730.83
CA-2024-10371,2023-07-10,2023-07-13,CUST-1004,Customer 5,Home Office,West,Office Supplies,Paper,Office Supplies - Paper Model 212,1288.8,6,0.1,161.53
CA-2024-10372,2023-07-08,2023-07-10,CUST-1026,Customer 27,Corporate,South,Furniture,Tables,Furniture - Tables Model 376,1912.02,7,0.15,286.26
CA-2024-10373,2023-07-01,2023-07-03,CUST-1021,Customer 22,Consumer,West,Technology,Phones,Technology - Phones Model 754,615.71,6,0.1,115.0
CA-2024-10374,2023-04-03,2023-04-05,CUST-1019,Customer 20,Corporate,North,Office Supplies,Art,Office Supplies - Art Model 306,2149.68,6,0.15,367.64
CA-2024-10375,2023-06-05,2023-06-07,CUST-1093,Customer 94,Home Office,South,Office Supplies,Paper,Office Supplies - Paper Model 933,785.12,2,0.15,70.26
CA-2024-10376,2023-05-30,2023-06-03,CUST-1007,Customer 8,Consumer,South,Furniture,Furnishings,Furniture - Furnishings Model 439,2255.59,6,0.15,228.09
CA-2024-10377,2023-02-14,2023-02-17,CUST-1110,Customer 111,Corporate,East,Office Supplies,Labels,Office Supplies - Labels Model 278,50.26,2,0.15,7.05
CA-2024-10378,2023-09-21,2023-09-26,CUST-1093,Customer 94,Consumer,West,Furniture,Tables,Furniture - Tables Model 367,493.48,2,0.4,-55.02
CA-2024-10379,2024-06-06,2024-06-08,CUST-1049,Customer 50,Consumer,South,Furniture,Furnishings,Furniture - Furnishings Model 149,290.51,2,0.0,70.84
CA-2024-10380,2023-03-25,2023-03-28,CUST-1036,Customer 37,Corporate,West,Furniture,Furnishings,Furniture - Furnishings Model 155,271.36,3,0.0,62.4
CA-2024-10381,2024-07-21,2024-07-25,CUST-1009,Customer 10,Consumer,North,Office Supplies,Appliances,Office Supplies - Appliances Model 135,491.8,6,0.3,18.53
CA-2024-10382,2023-06-15,2023-06-17,CUST-1030,Customer 31,Consumer,West,Office Supplies,Paper,Office Supplies - Paper Model 552,444.73,2,0.1,59.78
CA-2024-10383,2023-12-21,2023-12-25,CUST-1111,Customer 112,Consumer,East,Furniture,Tables,Furniture - Tables Model 834,139.09,1,0.15,15.05
CA-2024-10384,2023-08-14,2023-08-15,CUST-1021,Customer 22,Corporate,West,Office Supplies,Binders,Office Supplies - Binders Model 498,703.3,7,0.1,143.48
CA-2024-10385,2023-02-01,2023-02-02,CUST-1039,Customer 40,Consumer,East,Office Supplies,Appliances,Office Supplies - Appliances Model 819,1199.47,4,0.1,244.48
CA-2024-10386,2023-11-23,2023-11-24,CUST-1098,Customer 99,Corporate,West,Office Supplies,Binders,Office Supplies - Binders Model 286,1616.1,6,0.3,79.17
CA-2024-10387,2023-08-17,2023-08-20,CUST-1076,Customer 77,Corporate,South,Technology,Accessories,Technology - Accessories Model 231,412.73,1,0.15,44.55
CA-2024-10388,2023-07-10,2023-07-14,CUST-1052,Customer 53,Consumer,West,Office Supplies,Paper,Office Supplies - Paper Model 837,2038.71,5,0.1,358.56
CA-2024-10389,2023-07-04,2023-07-07,CUST-1009,Customer 10,Consumer,East,Office Supplies,Art,Office Supplies - Art Model 898,1465.07,5,0.0,391.58
CA-2024-10390,2023-10-14,2023-10-19,CUST-1083,Customer 84,Consumer,South,Office Supplies,Appliances,Office Supplies - Appliances Model 738,260.22,1,0.15,40.34
CA-2024-10391,2024-04-25,2024-04-26,CUST-1014,Customer 15,Consumer,West,Office Supplies,Storage,Office Supplies - Storage Model 830,175.59,6,0.15,30.28
CA-2024-10392,2023-04-21,2023-04-24,CUST-1012,Customer 13,Consumer,North,Office Supplies,Appliances,Office Supplies - Appliances Model 371,1692.35,6,0.1,304.1
CA-2024-10393,2023-01-13,2023-01-15,CUST-1092,Customer 93,Corporate,South,Furniture,Bookcases,Furniture - Bookcases Model 705,679.24,7,0.15,69.74
CA-2024-10394,2023-05-23,2023-05-24,CUST-1051,Customer 52,Corporate,East,Furniture,Furnishings,Furniture - Furnishings Model 791,135.05,1,0.1,27.54
CA-2024-10395,2023-01-01,2023-01-05,CUST-1098,Customer 99,Corporate,West,Furniture,Tables,Furniture - Tables Model 239,1539.01,6,0.3,-32.45
CA-2024-10396,2024-10-28,2024-11-01,CUST-1064,Customer 65,Corporate,South,Office Supplies,Art,Office Supplies - Art Model 714,75.86,1,0.0,19.39
CA-2024-10397,2024-12-25,2024-12-30,CUST-1039,Customer 40,Home Office,South,Office Supplies,Paper,Office Supplies - Paper Model 592,2496.16,6,0.0,569.82
CA-2024-10398,2024-01-06,2024-01-09,CUST-1087,Customer 88,Consumer,East,Furniture,Furnishings,Furniture - Furnishings Model 950,826.18,3,0.15,122.15
CA-2024-10399,2023-01-28,2023-01-30,CUST-1037,Customer 38,Home Office,East,Office Supplies,Paper,Office Supplies - Paper Model 317,1098.65,4,0.4,-130.71
CA-2024-10000,2023-10-15,2023-10-16,CUST-1104,Customer 105,Consumer,West,Technology,Accessories,Technology - Accessories Model 351,431.73,3,0.2,21.11
CA-2024-10001,2024-08-31,2024-09-04,CUST-1071,Customer 72,Home Office,South,Technology,Machines,Technology - Machines Model 236,525.58,4,0.0,123.06
CA-2024-10002,2024-06-20,2024-06-22,CUST-1066,Customer 67,Consumer,South,Furniture,Bookcases,Furniture - Bookcases Model 381,658.09,2,0.0,150.98
CA-2024-10003,2023-07-14,2023-07-16,CUST-1026,Customer 27,Consumer,East,Office Supplies,Labels,Office Supplies - Labels Model 792,856.72,7,0.1,178.59
CA-2024-10004,2023-05-20,2023-05-24,CUST-1086,Customer 87,Consumer,West,Furniture,Bookcases,Furniture - Bookcases Model 677,177.73,2,0.15,29.56
CA-2024-10005,2024-09-19,2024-09-24,CUST-1061,Customer 62,Consumer,West,Furniture,Tables,Furniture - Tables Model 349,513.38,7,0.1,70.05
CA-2024-10006,2023-03-11,2023-03-12,CUST-1106,Customer 107,Consumer,East,Furniture,Tables,Furniture - Tables Model 629,179.11,3,0.1,33.26
CA-2024-10007,2024-07-05,2024-07-07,CUST-1009,Customer 10,Consumer,North,Furniture,Tables,Furniture - Tables Model 672,707.93,2,0.1,117.8
CA-2024-10008,2023-02-25,2023-02-28,CUST-1108,Customer 109,Corporate,North,Furniture,Furnishings,Furniture - Furnishings Model 613,1269.39,4,0.15,211.16
CA-2024-10009,2023-04-18,2023-04-22,CUST-1038,Customer 39,Consumer,East,Office Supplies,Appliances,Office Supplies - Appliances Model 992,659.34,2,0.2,28.47
CA-2024-10010,2024-11-28,2024-12-03,CUST-1055,Customer 56,Consumer,East,Furniture,Bookcases,Furniture - Bookcases Model 687,1613.64,6,0.0,421.8
CA-2024-10011,2023-07-10,2023-07-12,CUST-1053,Customer 54,Home Office,East,Technology,Accessories,Technology - Accessories Model 710,888.71,6,0.2,64.71
CA-2024-10012,2024-08-24,2024-08-29,CUST-1016,Customer 17,Home Office,West,Office Supplies,Paper,Office Supplies - Paper Model 262,856.11,7,0.0,220.57
CA-2024-10013,2024-05-23,2024-05-26,CUST-1012,Customer 13,Consumer,North,Furniture,Furnishings,Furniture - Furnishings Model 105,585.5,2,0.15,77.96
CA-2024-10014,2023-01-26,2023-01-31,CUST-1089,Customer 90,Consumer,South,Office Supplies,Storage,Office Supplies - Storage Model 245,149.66,1,0.15,13.0
CA-2024-10015,2024-01-19,2024-01-23,CUST-1118,Customer 119,Corporate,East,Technology,Machines,Technology - Machines Model 518,156.75,3,0.0,42.03
CA-2024-10016,2023-05-02,2023-05-06,CUST-1103,Customer 104,Consumer,North,Office Supplies,Art,Office Supplies - Art Model 149,238.86,4,0.1,44.81
CA-2024-10017,2024-02-02,2024-02-07,CUST-1111,Customer 112,Consumer,South,Furniture,Tables,Furniture - Tables Model 819,2497.45,6,0.0,554.46
CA-2024-10018,2023-08-25,2023-08-27,CUST-1030,Customer 31,Consumer,West,Office Supplies,Art,Office Supplies - Art Model 258,1918.75,5,0.2,86.38
CA-2024-10019,2024-01-06,2024-01-08,CUST-1056,Customer 57,Consumer,South,Office Supplies,Storage,Office Supplies - Storage Model 981,1717.79,5,0.0,419.81
CA-2024-10020,2024-01-17,2024-01-22,CUST-1022,Customer 23,Home Office,South,Technology,Phones,Technology - Phones Model 593,235.18,5,0.3,-3.5
CA-2024-10021,2023-05-26,2023-05-28,CUST-1095,Customer 96,Consumer,South,Office Supplies,Art,Office Supplies - Art Model 546,374.64,3,0.15,56.07
CA-2024-10022,2024-03-27,2024-03-28,CUST-1040,Customer 41,Consumer,West,Office Supplies,Paper,Office Supplies - Paper Model 390,1896.71,4,0.0,496.81
CA-2024-10023,2024-05-29,2024-05-30,CUST-1059,Customer 60,Consumer,South,Office Supplies,Labels,Office Supplies - Labels Model 350,3291.31,7,0.0,950.24
CA-2024-10024,2023-03-10,2023-03-14,CUST-1086,Customer 87,Consumer,West,Furniture,Furnishings,Furniture - Furnishings Model 467,321.29,2,0.3,-10.15
CA-2024-10025,2023-11-10,2023-11-11,CUST-1024,Customer 25,Corporate,West,Office Supplies,Storage,Office Supplies - Storage Model 198,515.89,5,0.2,70.92
CA-2024-10026,2024-05-17,2024-05-18,CUST-1063,Customer 64,Consumer,South,Technology,Accessories,Technology - Accessories Model 153,118.64,1,0.0,33.91
CA-2024-10027,2023-07-06,2023-07-08,CUST-1015,Customer 16,Consumer,West,Office Supplies,Storage,Office Supplies - Storage Model 175,383.19,4,0.5,-55.78
CA-2024-10028,2023-10-10,2023-10-14,CUST-1011,Customer 12,Consumer,East,Technology,Phones,Technology - Phones Model 564,623.24,5,0.0,130.25
CA-2024-10029,2024-09-21,2024-09-26,CUST-1046,Customer 47,Home Office,South,Furniture,Chairs,Furniture - Chairs Model 170,127.61,4,0.2,14.39
CA-2024-10030,2023-08-16,2023-08-20,CUST-1018,Customer 19,Consumer,North,Technology,Copiers,Technology - Copiers Model 410,304.78,4,0.15,34.94
CA-2024-10031,2023-08-12,2023-08-14,CUST-1068,Customer 69,Home Office,South,Office Supplies,Storage,Office Supplies - Storage Model 752,807.37,6,0.0,233.01
CA-2024-10032,2024-01-02,2024-01-06,CUST-1072,Customer 73,Consumer,East,Office Supplies,Binders,Office Supplies - Binders Model 338,1354.57,4,0.15,220.03
CA-2024-10033,2024-05-31,2024-06-04,CUST-1086,Customer 87,Corporate,North,Furniture,Furnishings,Furniture - Furnishings Model 399,97.91,2,0.1,16.69
CA-2024-10034,2024-08-02,2024-08-05,CUST-1105,Customer 106,Corporate,West,Office Supplies,Appliances,Office Supplies - Appliances Model 288,2043.61,7,0.1,371.81
CA-2024-10035,2023-05-18,2023-05-20,CUST-1065,Customer 66,Consumer,North,Office Supplies,Paper,Office Supplies - Paper Model 522,1404.6,3,0.0,299.06
CA-2024-10036,2023-12-07,2023-12-11,CUST-1070,Customer 71,Consumer,South,Furniture,Bookcases,Furniture - Bookcases Model 324,215.67,1,0.15,34.1
CA-2024-10037,2024-12-11,2024-12-13,CUST-1105,Customer 106,Home Office,West,Furniture,Tables,Furniture - Tables Model 395,144.57,3,0.2,10.47
CA-2024-10038,2024-05-04,2024-05-07,CUST-1112,Customer 113,Home Office,North,Office Supplies,Binders,Office Supplies - Binders Model 793,1338.57,6,0.0,270.18
CA-2024-10039,2024-03-19,2024-03-21,CUST-1039,Customer 40,Consumer,West,Office Supplies,Storage,Office Supplies - Storage Model 402,187.31,5,0.15,30.9
CA-2024-10040,2023-12-29,2024-01-01,CUST-1040,Customer 41,Home Office,West,Office Supplies,Storage,Office Supplies - Storage Model 111,704.02,4,0.0,184.65
CA-2024-10041,2024-05-19,2024-05-21,CUST-1047,Customer 48,Consumer,West,Office Supplies,Art,Office Supplies - Art Model 735,2197.58,6,0.0,585.4
CA-2024-10042,2023-03-19,2023-03-21,CUST-1028,Customer 29,Home Office,North,Office Supplies,Appliances,Office Supplies - Appliances Model 970,463.74,2,0.1,94.59
CA-2024-10043,2024-12-28,2024-12-30,CUST-1057,Customer 58,Consumer,West,Technology,Phones,Technology - Phones Model 519,2186.73,7,0.15,371.8
CA-2024-10044,2024-12-29,2024-12-30,CUST-1044,Customer 45,Corporate,South,Office Supplies,Appliances,Office Supplies - Appliances Model 222,232.09,5,0.15,33.28
CA-2024-10045,2024-04-06,2024-04-10,CUST-1015,Customer 16,Home Office,East,Office Supplies,Paper,Office Supplies - Paper Model 899,327.61,1,0.2,43.19
CA-2024-10046,2024-09-01,2024-09-06,CUST-1108,Customer 109,Home Office,East,Office Supplies,Art,Office Supplies - Art Model 305,72.34,1,0.0,16.8
CA-2024-10047,2024-04-20,2024-04-23,CUST-1109,Customer 110,Consumer,East,Technology,Phones,Technology - Phones Model 350,1865.02,5,0.1,239.67
CA-2024-10048,2024-02-13,2024-02-15,CUST-1044,Customer 45,Home Office,East,Furniture,Tables,Furniture - Tables Model 740,1174.15,7,0.0,332.25
CA-2024-10049,2024-07-19,2024-07-22,CUST-1028,Customer 29,Consumer,West,Technology,Accessories,Technology - Accessories Model 292,851.07,5,0.0,204.49
CA-2024-10050,2023-11-22,2023-11-27,CUST-1111,Customer 112,Consumer,East,Office Supplies,Appliances,Office Supplies - Appliances Model 574,248.16,4,0.15,38.55
CA-2024-10051,2023-08-31,2023-09-03,CUST-1101,Customer 102,Consumer,East,Furniture,Furnishings,Furniture - Furnishings Model 540,550.81,4,0.1,109.97
CA-2024-10052,2023-02-12,2023-02-15,CUST-1071,Customer 72,Consumer,South,Office Supplies,Art,Office Supplies - Art Model 125,718.05,5,0.1,92.34
CA-2024-10053,2023-07-30,2023-08-02,CUST-1011,Customer 12,Consumer,East,Furniture,Chairs,Furniture - Chairs Model 141,2228.76,6,0.1,328.03
CA-2024-10054,2024-01-04,2024-01-06,CUST-1091,Customer 92,Home Office,West,Office Supplies,Binders,Office Supplies - Binders Model 985,2668.06,7,0.15,337.82
CA-2024-10055,2024-10-27,2024-10-31,CUST-1042,Customer 43,Home Office,North,Furniture,Furnishings,Furniture - Furnishings Model 819,34.07,1,0.2,2.4
CA-2024-10056,2023-04-26,2023-04-30,CUST-1074,Customer 75,Home Office,East,Office Supplies,Art,Office Supplies - Art Model 447,2622.73,7,0.2,188.31
CA-2024-10057,2024-01-02,2024-01-03,CUST-1025,Customer 26,Home Office,North,Office Supplies,Binders,Office Supplies - Binders Model 881,505.08,6,0.1,65.98
CA-2024-10058,2024-02-18,2024-02-22,CUST-1092,Customer 93,Home Office,South,Technology,Copiers,Technology - Copiers Model 457,1206.83,7,0.15,151.75
CA-2024-10059,2024-05-20,2024-05-21,CUST-1105,Customer 106,Corporate,North,Technology,Phones,Technology - Phones Model 429,1553.25,7,0.1,203.66
CA-2024-10060,2024-11-03,2024-11-04,CUST-1107,Customer 108,Consumer,South,Furniture,Furnishings,Furniture - Furnishings Model 526,1273.05,4,0.1,228.54
CA-2024-10061,2024-04-01,2024-04-06,CUST-1034,Customer 35,Consumer,West,Technology,Accessories,Technology - Accessories Model 855,144.32,3,0.1,19.46
CA-2024-10062,2023-06-05,2023-06-09,CUST-1028,Customer 29,Consumer,East,Technology,Copiers,Technology - Copiers Model 359,1314.53,7,0.4,-58.48
CA-2024-10063,2023-02-08,2023-02-09,CUST-1003,Customer 4,Consumer,South,Office Supplies,Binders,Office Supplies - Binders Model 367,833.79,2,0.0,183.03
CA-2024-10064,2023-09-10,2023-09-11,CUST-1057,Customer 58,Home Office,South,Furniture,Chairs,Furniture - Chairs Model 143,186.51,6,0.1,30.26
CA-2024-10065,2023-12-23,2023-12-24,CUST-1041,Customer 42,Consumer,North,Office Supplies,Paper,Office Supplies - Paper Model 254,1084.78,6,0.0,305.3
CA-2024-10066,2023-06-10,2023-06-13,CUST-1061,Customer 62,Consumer,South,Office Supplies,Appliances,Office Supplies - Appliances Model 271,124.39,3,0.0,30.59
CA-2024-10067,2024-02-26,2024-03-02,CUST-1057,Customer 58,Consumer,East,Furniture,Tables,Furniture - Tables Model 679,446.86,4,0.0,125.11
CA-2024-10068,2023-01-22,2023-01-24,CUST-1043,Customer 44,Home Office,South,Office Supplies,Labels,Office Supplies - Labels Model 184,1359.91,7,0.1,245.48
CA-2024-10069,2023-08-08,2023-08-11,CUST-1118,Customer 119,Consumer,South,Furniture,Furnishings,Furniture - Furnishings Model 552,616.23,2,0.0,174.84
CA-2024-10070,2023-09-08,2023-09-10,CUST-1014,Customer 15,Corporate,East,Furniture,Tables,Furniture - Tables Model 877,712.61,7,0.1,112.96
CA-2024-10071,2023-10-21,2023-10-26,CUST-1092,Customer 93,Consumer,West,Furniture,Chairs,Furniture - Chairs Model 439,735.3,3,0.0,152.29
CA-2024-10072,2023-01-16,2023-01-21,CUST-1066,Customer 67,Home Office,West,Furniture,Bookcases,Furniture - Bookcases Model 426,300.16,6,0.2,39.1
CA-2024-10073,2023-04-23,2023-04-28,CUST-1043,Customer 44,Consumer,East,Office Supplies,Labels,Office Supplies - Labels Model 405,77.92,1,0.2,9.01
CA-2024-10074,2024-02-24,2024-02-25,CUST-1022,Customer 23,Home Office,East,Office Supplies,Labels,Office Supplies - Labels Model 629,1255.78,3,0.1,160.33
CA-2024-10075,2024-03-19,2024-03-20,CUST-1091,Customer 92,Corporate,East,Office Supplies,Labels,Office Supplies - Labels Model 331,1326.77,4,0.0,288.85
CA-2024-10076,2023-11-19,2023-11-21,CUST-1007,Customer 8,Corporate,West,Office Supplies,Paper,Office Supplies - Paper Model 528,129.91,1,0.0,34.0
CA-2024-10077,2023-03-07,2023-03-09,CUST-1118,Customer 119,Consumer,East,Technology,Copiers,Technology - Copiers Model 213,1788.96,7,0.2,249.12
CA-2024-10078,2023-11-05,2023-11-07,CUST-1109,Customer 110,Home Office,North,Furniture,Bookcases,Furniture - Bookcases Model 804,1271.46,7,0.15,103.84
CA-2024-10079,2023-10-02,2023-10-04,CUST-1075,Customer 76,Corporate,West,Office Supplies,Labels,Office Supplies - Labels Model 639,2025.1,5,0.0,598.86
CA-2024-10080,2024-09-02,2024-09-04,CUST-1098,Customer 99,Consumer,South,Office Supplies,Binders,Office Supplies - Binders Model 409,148.58,4,0.15,17.77
CA-2024-10081,2024-07-11,2024-07-15,CUST-1054,Customer 55,Home Office,North,Office Supplies,Appliances,Office Supplies - Appliances Model 588,812.23,7,0.0,221.81
CA-2024-10082,2023-12-18,2023-12-23,CUST-1106,Customer 107,Consumer,East,Furniture,Bookcases,Furniture - Bookcases Model 714,1417.17,5,0.0,293.23
CA-2024-10083,2023-10-30,2023-11-02,CUST-1041,Customer 42,Consumer,West,Office Supplies,Paper,Office Supplies - Paper Model 446,1584.24,5,0.1,221.12
CA-2024-10084,2023-10-23,2023-10-28,CUST-1076,Customer 77,Consumer,West,Furniture,Bookcases,Furniture - Bookcases Model 703,305.66,1,0.0,70.88
CA-2024-10085,2023-10-24,2023-10-27,CUST-1037,Customer 38,Consumer,East,Office Supplies,Art,Office Supplies - Art Model 602,293.32,1,0.0,77.02
CA-2024-10086,2023-08-29,2023-09-02,CUST-1087,Customer 88,Corporate,South,Office Supplies,Labels,Office Supplies - Labels Model 528,1376.15,6,0.1,287.71
CA-2024-10087,2023-08-09,2023-08-12,CUST-1022,Customer 23,Consumer,West,Furniture,Bookcases,Furniture - Bookcases Model 740,173.8,1,0.0,38.21
CA-2024-10088,2024-03-14,2024-03-16,CUST-1033,Customer 34,Consumer,North,Office Supplies,Storage,Office Supplies - Storage Model 169,940.44,3,0.0,204.25
CA-2024-10089,2024-06-25,2024-06-26,CUST-1115,Customer 116,Corporate,West,Office Supplies,Labels,Office Supplies - Labels Model 578,106.44,7,0.3,-0.97
CA-2024-10090,2023-06-03,2023-06-07,CUST-1080,Customer 81,Consumer,East,Office Supplies,Appliances,Office Supplies - Appliances Model 346,2001.26,7,0.15,296.0
CA-2024-10091,2024-06-08,2024-06-12,CUST-1041,Customer 42,Corporate,North,Furniture,Furnishings,Furniture - Furnishings Model 166,233.23,6,0.0,49.86
CA-2024-10092,2023-09-24,2023-09-27,CUST-1100,Customer 101,Consumer,North,Furniture,Bookcases,Furniture - Bookcases Model 367,601.4,4,0.2,69.76
CA-2024-10093,2023-05-10,2023-05-14,CUST-1022,Customer 23,Corporate,West,Office Supplies,Appliances,Office Supplies - Appliances Model 305,785.46,5,0.2,85.75
CA-2024-10094,2024-03-09,2024-03-13,CUST-1107,Customer 108,Consumer,North,Office Supplies,Appliances,Office Supplies - Appliances Model 733,499.64,2,0.15,58.31
CA-2024-10095,2023-04-09,2023-04-11,CUST-1074,Customer 75,Corporate,West,Office Supplies,Paper,Office Supplies - Paper Model 926,109.83,6,0.0,30.57
CA-2024-10096,2023-08-04,2023-08-05,CUST-1067,Customer 68,Corporate,West,Technology,Copiers,Technology - Copiers Model 369,528.69,6,0.15,43.65
CA-2024-10097,2023-11-01,2023-11-02,CUST-1015,Customer 16,Consumer,West,Technology,Accessories,Technology - Accessories Model 831,642.57,3,0.3,-6.27
CA-2024-10098,2023-01-07,2023-01-10,CUST-1009,Customer 10,Corporate,North,Technology,Accessories,Technology - Accessories Model 314,2573.19,6,0.0,643.45
CA-2024-10099,2023-06-01,2023-06-04,CUST-1025,Customer 26,Consumer,South,Office Supplies,Art,Office Supplies - Art Model 174,2337.05,6,0.1,300.14
CA-2024-10100,2024-07-19,2024-07-22,CUST-1071,Customer 72,Home Office,West,Office Supplies,Art,Office Supplies - Art Model 426,70.98,1,0.1,9.1
CA-2024-10101,2024-12-08,2024-12-11,CUST-1002,Customer 3,Consumer,West,Technology,Phones,Technology - Phones Model 830,844.13,7,0.0,183.03
CA-2024-10102,2023-10-25,2023-10-30,CUST-1032,Customer 33,Consumer,West,Office Supplies,Art,Office Supplies - Art Model 482,616.11,5,0.5,-65.77
CA-2024-10103,2024-11-17,2024-11-20,CUST-1115,Customer 116,Consumer,West,Office Supplies,Labels,Office Supplies - Labels Model 991,2182.49,7,0.15,241.45
CA-2024-10104,2024-05-12,2024-05-15,CUST-1014,Customer 15,Home Office,East,Furniture,Tables,Furniture - Tables Model 801,471.9,1,0.0,140.51
CA-2024-10105,2024-12-01,2024-12-05,CUST-1112,Customer 113,Consumer,South,Office Supplies,Binders,Office Supplies - Binders Model 433,363.77,2,0.0,89.58
CA-2024-10106,2024-12-04,2024-12-09,CUST-1024,Customer 25,Consumer,West,Office Supplies,Storage,Office Supplies - Storage Model 308,210.48,1,0.1,34.0
CA-2024-10107,2024-08-19,2024-08-24,CUST-1116,Customer 117,Home Office,North,Technology,Accessories,Technology - Accessories Model 227,218.2,1,0.0,44.65
CA-2024-10108,2023-05-12,2023-05-17,CUST-1038,Customer 39,Consumer,South,Office Supplies,Labels,Office Supplies - Labels Model 424,422.72,3,0.0,93.18
CA-2024-10109,2024-12-09,2024-12-11,CUST-1056,Customer 57,Consumer,East,Technology,Machines,Technology - Machines Model 825,2100.07,7,0.2,237.91
CA-2024-10110,2024-08-31,2024-09-02,CUST-1070,Customer 71,Home Office,North,Office Supplies,Binders,Office Supplies - Binders Model 359,397.36,3,0.0,104.16
CA-2024-10111,2023-10-11,2023-10-13,CUST-1104,Customer 105,Corporate,West,Technology,Machines,Technology - Machines Model 901,82.22,2,0.0,21.58
CA-2024-10112,2024-03-15,2024-03-17,CUST-1053,Customer 54,Consumer,North,Office Supplies,Appliances,Office Supplies - Appliances Model 525,616.79,2,0.3,-24.06
CA-2024-10113,2024-12-08,2024-12-11,CUST-1070,Customer 71,Consumer,South,Office Supplies,Paper,Office Supplies - Paper Model 569,789.03,4,0.5,-90.14
CA-2024-10114,2023-12-29,2024-01-03,CUST-1020,Customer 21,Corporate,North,Furniture,Furnishings,Furniture - Furnishings Model 397,386.57,3,0.0,112.27
CA-2024-10115,2024-02-15,2024-02-16,CUST-1053,Customer 54,Consumer,West,Office Supplies,Art,Office Supplies - Art Model 930,161.25,4,0.1,25.43
CA-2024-10116,2024-06-17,2024-06-20,CUST-1083,Customer 84,Home Office,East,Office Supplies,Storage,Office Supplies - Storage Model 642,359.14,2,0.0,82.53
CA-2024-10117,2024-02-02,2024-02-03,CUST-1078,Customer 79,Corporate,South,Office Supplies,Art,Office Supplies - Art Model 668,118.1,3,0.2,5.23
CA-2024-10118,2024-04-21,2024-04-26,CUST-1064,Customer 65,Home Office,East,Office Supplies,Binders,Office Supplies - Binders Model 990,772.49,2,0.1,152.14
CA-2024-10119,2024-08-08,2024-08-11,CUST-1016,Customer 17,Home Office,East,Technology,Phones,Technology - Phones Model 426,518.6,2,0.0,124.12
CA-2024-10120,2024-08-12,2024-08-15,CUST-1001,Customer 2,Consumer,North,Office Supplies,Binders,Office Supplies - Binders Model 937,282.66,1,0.15,27.02
CA-2024-10121,2024-05-15,2024-05-17,CUST-1069,Customer 70,Corporate,South,Office Supplies,Storage,Office Supplies - Storage Model 560,1148.38,4,0.4,-53.43
CA-2024-10122,2024-07-01,2024-07-06,CUST-1054,Customer 55,Consumer,North,Office Supplies,Storage,Office Supplies - Storage Model 666,2481.97,7,0.15,317.13
CA-2024-10123,2023-06-03,2023-06-06,CUST-1078,Customer 79,Corporate,North,Furniture,Bookcases,Furniture - Bookcases Model 780,1104.14,3,0.2,121.08
CA-2024-10124,2023-02-12,2023-02-13,CUST-1000,Customer 1,Corporate,West,Office Supplies,Storage,Office Supplies - Storage Model 682,1992.15,6,0.2,155.81
CA-2024-10125,2023-07-28,2023-07-29,CUST-1073,Customer 74,Home Office,East,Furniture,Furnishings,Furniture - Furnishings Model 815,275.81,1,0.1,54.04
CA-2024-10126,2023-10-11,2023-10-12,CUST-1063,Customer 64,Consumer,South,Office Supplies,Binders,Office Supplies - Binders Model 213,3105.11,7,0.0,749.07
CA-2024-10127,2024-05-26,2024-05-28,CUST-1096,Customer 97,Home Office,North,Office Supplies,Art,Office Supplies - Art Model 216,911.71,5,0.1,128.28
CA-2024-10128,2024-08-31,2024-09-01,CUST-1087,Customer 88,Home Office,South,Office Supplies,Binders,Office Supplies - Binders Model 417,1145.14,4,0.3,-27.29
CA-2024-10129,2024-01-03,2024-01-05,CUST-1074,Customer 75,Consumer,South,Technology,Machines,Technology - Machines Model 685,466.24,2,0.15,51.35
CA-2024-10130,2024-07-10,2024-07-12,CUST-1016,Customer 17,Consumer,North,Furniture,Furnishings,Furniture - Furnishings Model 437,1266.52,7,0.3,-44.38
CA-2024-10131,2023-03-20,2023-03-23,CUST-1014,Customer 15,Consumer,East,Office Supplies,Binders,Office Supplies - Binders Model 637,441.06,2,0.0,115.74
CA-2024-10132,2024-04-24,2024-04-29,CUST-1002,Customer 3,Consumer,South,Office Supplies,Binders,Office Supplies - Binders Model 687,2431.92,7,0.15,388.21
CA-2024-10133,2024-10-27,2024-10-30,CUST-1071,Customer 72,Corporate,North,Office Supplies,Paper,Office Supplies - Paper Model 401,1186.3,5,0.15,147.81
CA-2024-10134,2024-06-20,2024-06-22,CUST-1117,Customer 118,Corporate,South,Office Supplies,Binders,Office Supplies - Binders Model 233,1920.96,7,0.15,258.5
CA-2024-10135,2023-03-31,2023-04-01,CUST-1025,Customer 26,Consumer,West,Furniture,Furnishings,Furniture - Furnishings Model 167,922.68,3,0.15,148.15
CA-2024-10136,2024-07-14,2024-07-18,CUST-1089,Customer 90,Corporate,North,Office Supplies,Paper,Office Supplies - Paper Model 709,1691.82,5,0.0,338.52
CA-2024-10137,2024-07-31,2024-08-02,CUST-1072,Customer 73,Consumer,North,Office Supplies,Paper,Office Supplies - Paper Model 403,789.8,4,0.3,42.55
CA-2024-10138,2023-07-02,2023-07-06,CUST-1039,Customer 40,Corporate,West,Office Supplies,Art,Office Supplies - Art Model 773,2815.87,6,0.0,815.87
CA-2024-10139,2023-10-05,2023-10-07,CUST-1011,Customer 12,Home Office,South,Office Supplies,Art,Office Supplies - Art Model 170,853.25,3,0.0,244.85
CA-2024-10140,2024-09-10,2024-09-15,CUST-1047,Customer 48,Consumer,North,Furniture,Furnishings,Furniture - Furnishings Model 486,533.5,7,0.2,27.69
CA-2024-10141,2024-01-22,2024-01-27,CUST-1069,Customer 70,Consumer,North,Office Supplies,Labels,Office Supplies - Labels Model 366,606.22,2,0.15,74.89
CA-2024-10142,2024-06-09,2024-06-11,CUST-1011,Customer 12,Consumer,East,Furniture,Bookcases,Furniture - Bookcases Model 621,293.72,1,0.2,35.59
CA-2024-10143,2024-05-30,2024-06-01,CUST-1012,Customer 13,Corporate,North,Office Supplies,Binders,Office Supplies - Binders Model 949,735.8,2,0.0,200.22
CA-2024-10144,2024-01-27,2024-02-01,CUST-1050,Customer 51,Consumer,North,Office Supplies,Labels,Office Supplies - Labels Model 101,814.2,3,0.0,222.11
CA-2024-10145,2024-04-13,2024-04-17,CUST-1111,Customer 112,Consumer,North,Office Supplies,Appliances,Office Supplies - Appliances Model 625,860.32,2,0.0,220.08
CA-2024-10146,2023-11-02,2023-11-06,CUST-1087,Customer 88,Consumer,North,Office Supplies,Paper,Office Supplies - Paper Model 393,131.22,4,0.0,37.43
CA-2024-10147,2024-03-21,2024-03-23,CUST-1005,Customer 6,Corporate,South,Furniture,Tables,Furniture - Tables Model 365,1535.79,5,0.1,278.62
CA-2024-10148,2024-01-17,2024-01-18,CUST-1058,Customer 59,Corporate,West,Furniture,Furnishings,Furniture - Furnishings Model 915,126.73,2,0.1,24.95
CA-2024-10149,2024-06-27,2024-06-29,CUST-1025,Customer 26,Consumer,East,Furniture,Furnishings,Furniture - Furnishings Model 331,1783.17,5,0.15,240.29
CA-2024-10150,2023-10-16,2023-10-21,CUST-1001,Customer 2,Consumer,North,Office Supplies,Binders,Office Supplies - Binders Model 902,1946.19,5,0.1,298.24
CA-2024-10151,2023-03-29,2023-04-03,CUST-1029,Customer 30,Consumer,South,Office Supplies,Labels,Office Supplies - Labels Model 238,610.75,2,0.3,12.26
CA-2024-10152,2024-08-23,2024-08-27,CUST-1041,Customer 42,Corporate,North,Furniture,Chairs,Furniture - Chairs Model 378,143.63,1,0.0,34.75
CA-2024-10153,2024-06-13,2024-06-14,CUST-1111,Customer 112,Corporate,South,Furniture,Tables,Furniture - Tables Model 896,365.56,3,0.0,100.59
CA-2024-10154,2023-04-18,2023-04-22,CUST-1081,Customer 82,Consumer,South,Office Supplies,Appliances,Office Supplies - Appliances Model 381,1710.85,4,0.0,441.69
CA-2024-10155,2023-07-07,2023-07-08,CUST-1031,Customer 32,Consumer,North,Office Supplies,Storage,Office Supplies - Storage Model 919,1587.0,5,0.0,451.5
CA-2024-10156,2024-09-30,2024-10-04,CUST-1031,Customer 32,Consumer,East,Furniture,Bookcases,Furniture - Bookcases Model 809,624.66,3,0.15,108.95
CA-2024-10157,2024-10-24,2024-10-29,CUST-1084,Customer 85,Consumer,North,Office Supplies,Appliances,Office Supplies - Appliances Model 762,2288.48,6,0.2,188.92
CA-2024-10158,2023-12-02,2023-12-07,CUST-1105,Customer 106,Consumer,West,Office Supplies,Labels,Office Supplies - Labels Model 831,910.36,5,0.3,-1.09
CA-2024-10159,2023-11-08,2023-11-11,CUST-1068,Customer 69,Home Office,South,Office Supplies,Storage,Office Supplies - Storage Model 464,2058.96,6,0.0,500.05
CA-2024-10160,2023-06-30,2023-07-01,CUST-1070,Customer 71,Corporate,West,Technology,Copiers,Technology - Copiers Model 685,182.9,7,0.15,15.8
CA-2024-10161,2024-08-17,2024-08-20,CUST-1009,Customer 10,Consumer,West,Technology,Machines,Technology - Machines Model 903,1954.64,4,0.0,513.85
CA-2024-10162,2024-06-04,2024-06-09,CUST-1052,Customer 53,Consumer,East,Office Supplies,Labels,Office Supplies - Labels Model 325,1374.31,4,0.1,183.24
CA-2024-10163,2024-03-09,2024-03-13,CUST-1041,Customer 42,Home Office,West,Furniture,Chairs,Furniture - Chairs Model 612,192.98,2,0.0,57.01
CA-2024-10164,2024-11-16,2024-11-18,CUST-1117,Customer 118,Consumer,North,Office Supplies,Paper,Office Supplies - Paper Model 231,319.53,1,0.1,46.54
CA-2024-10165,2024-07-14,2024-07-17,CUST-1042,Customer 43,Corporate,West,Office Supplies,Storage,Office Supplies - Storage Model 179,962.62,5,0.3,5.48
CA-2024-10166,2024-04-22,2024-04-26,CUST-1029,Customer 30,Home Office,South,Office Supplies,Storage,Office Supplies - Storage Model 853,248.07,1,0.0,50.37
CA-2024-10167,2024-12-08,2024-12-12,CUST-1030,Customer 31,Consumer,South,Office Supplies,Binders,Office Supplies - Binders Model 627,1660.8,7,0.1,338.71
CA-2024-10168,2024-02-07,2024-02-12,CUST-1017,Customer 18,Consumer,West,Furniture,Furnishings,Furniture - Furnishings Model 118,1706.17,7,0.0,354.08
CA-2024-10169,2024-05-21,2024-05-23,CUST-1065,Customer 66,Consumer,South,Office Supplies,Labels,Office Supplies - Labels Model 330,894.41,2,0.0,210.35
CA-2024-10170,2023-05-08,2023-05-11,CUST-1020,Customer 21,Consumer,West,Technology,Accessories,Technology - Accessories Model 184,386.45,1,0.0,107.22
CA-2024-10171,2024-11-27,2024-12-01,CUST-1060,Customer 61,Home Office,East,Furniture,Furnishings,Furniture - Furnishings Model 405,102.5,6,0.15,14.03
CA-2024-10172,2024-07-08,2024-07-09,CUST-1035,Customer 36,Consumer,South,Office Supplies,Labels,Office Supplies - Labels Model 996,1009.33,3,0.15,174.3
CA-2024-10173,2023-08-26,2023-08-30,CUST-1019,Customer 20,Corporate,North,Technology,Machines,Technology - Machines Model 888,1066.38,6,0.4,-40.13
CA-2024-10174,2023-07-12,2023-07-17,CUST-1002,Customer 3,Home Office,East,Furniture,Tables,Furniture - Tables Model 252,1369.13,6,0.0,284.0
CA-2024-10175,2024-11-14,2024-11-19,CUST-1097,Customer 98,Consumer,East,Office Supplies,Paper,Office Supplies - Paper Model 470,98.33,1,0.3,-3.87
CA-2024-10176,2023-11-18,2023-11-21,CUST-1082,Customer 83,Corporate,South,Furniture,Chairs,Furniture - Chairs Model 414,275.71,1,0.0,69.87
CA-2024-10177,2024-07-27,2024-07-31,CUST-1018,Customer 19,Corporate,East,Technology,Accessories,Technology - Accessories Model 862,817.78,7,0.1,111.97
CA-2024-10178,2024-12-09,2024-12-13,CUST-1067,Customer 68,Corporate,North,Furniture,Furnishings,Furniture - Furnishings Model 113,158.28,2,0.5,-21.98
CA-2024-10179,2024-06-12,2024-06-15,CUST-1098,Customer 99,Consumer,North,Office Supplies,Binders,Office Supplies - Binders Model 364,1261.32,4,0.2,123.17
CA-2024-10180,2023-07-30,2023-08-04,CUST-1075,Customer 76,Corporate,North,Furniture,Bookcases,Furniture - Bookcases Model 621,424.54,3,0.0,92.64
CA-2024-10181,2023-05-26,2023-05-29,CUST-1091,Customer 92,Home Office,East,Technology,Accessories,Technology - Accessories Model 527,1388.15,7,0.15,162.7
CA-2024-10182,2024-02-06,2024-02-10,CUST-1037,Customer 38,Consumer,North,Technology,Accessories,Technology - Accessories Model 299,1306.44,3,0.1,223.92
CA-2024-10183,2023-06-07,2023-06-11,CUST-1038,Customer 39,Home Office,North,Technology,Accessories,Technology - Accessories Model 334,692.42,7,0.0,189.48
CA-2024-10184,2024-11-08,2024-11-12,CUST-1078,Customer 79,Consumer,North,Office Supplies,Binders,Office Supplies - Binders Model 717,341.11,2,0.0,94.28
CA-2024-10185,2024-10-19,2024-10-21,CUST-1073,Customer 74,Corporate,West,Technology,Machines,Technology - Machines Model 426,1934.36,7,0.2,151.05
CA-2024-10186,2023-04-29,2023-05-01,CUST-1069,Customer 70,Consumer,North,Office Supplies,Paper,Office Supplies - Paper Model 517,2031.3,6,0.2,166.04
CA-2024-10187,2024-02-20,2024-02-23,CUST-1002,Customer 3,Consumer,South,Furniture,Bookcases,Furniture - Bookcases Model 431,212.09,1,0.15,28.52
CA-2024-10188,2023-01-04,2023-01-06,CUST-1102,Customer 103,Corporate,West,Furniture,Bookcases,Furniture - Bookcases Model 830,1309.65,5,0.0,389.81
CA-2024-10189,2024-04-27,2024-04-30,CUST-1067,Customer 68,Consumer,West,Office Supplies,Art,Office Supplies - Art Model 578,115.9,1,0.2,14.58
CA-2024-10190,2023-05-21,2023-05-24,CUST-1005,Customer 6,Corporate,West,Furniture,Bookcases,Furniture - Bookcases Model 869,79.07,4,0.0,17.21
CA-2024-10191,2024-04-18,2024-04-21,CUST-1054,Customer 55,Home Office,West,Office Supplies,Appliances,Office Supplies - Appliances Model 183,2140.59,5,0.0,569.89
CA-2024-10192,2023-09-25,2023-09-30,CUST-1119,Customer 120,Consumer,North,Office Supplies,Appliances,Office Supplies - Appliances Model 646,1102.95,5,0.1,212.01
CA-2024-10193,2023-04-27,2023-04-29,CUST-1105,Customer 106,Corporate,East,Furniture,Tables,Furniture - Tables Model 336,355.07,2,0.3,-9.78
CA-2024-10194,2024-06-15,2024-06-16,CUST-1097,Customer 98,Consumer,North,Office Supplies,Labels,Office Supplies - Labels Model 656,2179.18,5,0.0,571.19
CA-2024-10195,2023-06-15,2023-06-17,CUST-1085,Customer 86,Corporate,East,Office Supplies,Appliances,Office Supplies - Appliances Model 683,1180.07,4,0.0,331.22
CA-2024-10196,2023-05-13,2023-05-15,CUST-1037,Customer 38,Consumer,North,Office Supplies,Storage,Office Supplies - Storage Model 690,255.06,4,0.2,14.37
CA-2024-10197,2023-12-24,2023-12-27,CUST-1097,Customer 98,Home Office,South,Office Supplies,Art,Office Supplies - Art Model 936,1650.17,5,0.0,452.53
CA-2024-10198,2023-07-08,2023-07-11,CUST-1093,Customer 94,Consumer,East,Furniture,Tables,Furniture - Tables Model 525,1353.65,3,0.0,398.38
CA-2024-10199,2024-07-18,2024-07-20,CUST-1047,Customer 48,Consumer,North,Technology,Accessories,Technology - Accessories Model 736,342.1,7,0.5,-59.4
CA-2024-10200,2023-03-05,2023-03-10,CUST-1115,Customer 116,Corporate,South,Office Supplies,Art,Office Supplies - Art Model 120,638.49,6,0.5,-123.53
CA-2024-10201,2023-04-21,2023-04-23,CUST-1064,Customer 65,Corporate,East,Office Supplies,Labels,Office Supplies - Labels Model 380,1518.48,4,0.0,358.71
CA-2024-10202,2023-07-29,2023-08-02,CUST-1063,Customer 64,Home Office,North,Office Supplies,Binders,Office Supplies - Binders Model 329,930.7,2,0.0,223.18
CA-2024-10203,2023-03-26,2023-03-27,CUST-1110,Customer 111,Home Office,North,Technology,Phones,Technology - Phones Model 317,1470.58,5,0.15,162.78
CA-2024-10204,2023-01-26,2023-01-31,CUST-1014,Customer 15,Corporate,North,Furniture,Tables,Furniture - Tables Model 146,2816.44,7,0.1,582.82
CA-2024-10205,2023-06-04,2023-06-06,CUST-1057,Customer 58,Corporate,South,Technology,Copiers,Technology - Copiers Model 555,565.0,5,0.15,64.07
CA-2024-10206,2023-07-19,2023-07-22,CUST-1117,Customer 118,Home Office,West,Office Supplies,Storage,Office Supplies - Storage Model 401,204.71,1,0.1,36.49
CA-2024-10207,2024-08-28,2024-08-30,CUST-1009,Customer 10,Corporate,West,Technology,Phones,Technology - Phones Model 985,1320.21,7,0.1,269.37
CA-2024-10208,2024-09-05,2024-09-09,CUST-1047,Customer 48,Corporate,South,Technology,Phones,Technology - Phones Model 172,458.3,3,0.0,92.88
CA-2024-10209,2023-08-08,2023-08-13,CUST-1004,Customer 5,Home Office,South,Office Supplies,Art,Office Supplies - Art Model 157,62.38,1,0.2,6.36
CA-2024-10210,2024-08-21,2024-08-23,CUST-1041,Customer 42,Consumer,South,Office Supplies,Paper,Office Supplies - Paper Model 736,685.31,5,0.2,75.61
CA-2024-10211,2024-08-21,2024-08-23,CUST-1075,Customer 76,Corporate,West,Technology,Machines,Technology - Machines Model 311,293.06,1,0.1,36.13
CA-2024-10212,2024-04-22,2024-04-23,CUST-1110,Customer 111,Corporate,East,Furniture,Chairs,Furniture - Chairs Model 591,191.59,5,0.0,41.08
CA-2024-10213,2024-06-30,2024-07-04,CUST-1099,Customer 100,Home Office,West,Office Supplies,Art,Office Supplies - Art Model 306,91.03,1,0.0,25.79
CA-2024-10214,2024-12-30,2025-01-02,CUST-1067,Customer 68,Consumer,East,Furniture,Tables,Furniture - Tables Model 581,315.97,2,0.0,89.52
CA-2024-10215,2023-02-08,2023-02-11,CUST-1075,Customer 76,Consumer,South,Furniture,Furnishings,Furniture - Furnishings Model 690,803.08,7,0.0,238.38
CA-2024-10216,2024-05-12,2024-05-17,CUST-1035,Customer 36,Consumer,North,Office Supplies,Art,Office Supplies - Art Model 211,1647.52,4,0.0,346.75
CA-2024-10217,2024-08-17,2024-08-18,CUST-1068,Customer 69,Consumer,South,Office Supplies,Appliances,Office Supplies - Appliances Model 471,1689.64,4,0.0,494.01
CA-2024-10218,2023-06-30,2023-07-02,CUST-1049,Customer 50,Consumer,South,Office Supplies,Appliances,Office Supplies - Appliances Model 711,2422.67,7,0.0,509.43
CA-2024-10219,2024-08-24,2024-08-29,CUST-1016,Customer 17,Home Office,East,Furniture,Tables,Furniture - Tables Model 660,377.42,4,0.0,93.11
CA-2024-10220,2023-04-09,2023-04-11,CUST-1102,Customer 103,Consumer,East,Office Supplies,Art,Office Supplies - Art Model 396,1574.56,5,0.2,133.58
CA-2024-10221,2024-06-24,2024-06-28,CUST-1098,Customer 99,Corporate,South,Technology,Accessories,Technology - Accessories Model 270,498.84,5,0.0,130.9
CA-2024-10222,2023-04-10,2023-04-12,CUST-1008,Customer 9,Consumer,North,Office Supplies,Paper,Office Supplies - Paper Model 242,336.25,2,0.0,79.87
CA-2024-10223,2023-03-23,2023-03-25,CUST-1056,Customer 57,Consumer,East,Furniture,Chairs,Furniture - Chairs Model 998,1269.12,6,0.0,259.69
CA-2024-10224,2024-12-22,2024-12-24,CUST-1019,Customer 20,Home Office,North,Technology,Phones,Technology - Phones Model 807,129.39,1,0.4,-3.68
CA-2024-10225,2023-04-08,2023-04-12,CUST-1004,Customer 5,Consumer,East,Office Supplies,Storage,Office Supplies - Storage Model 131,1113.48,3,0.0,252.95
CA-2024-10226,2024-10-04,2024-10-06,CUST-1056,Customer 57,Consumer,North,Office Supplies,Paper,Office Supplies - Paper Model 614,272.34,1,0.15,46.46
CA-2024-10227,2024-11-05,2024-11-06,CUST-1001,Customer 2,Consumer,North,Office Supplies,Binders,Office Supplies - Binders Model 146,930.9,2,0.0,231.16
CA-2024-10228,2023-04-16,2023-04-20,CUST-1073,Customer 74,Corporate,East,Office Supplies,Storage,Office Supplies - Storage Model 385,266.15,6,0.1,39.92
CA-2024-10229,2024-05-29,2024-05-31,CUST-1056,Customer 57,Home Office,North,Office Supplies,Binders,Office Supplies - Binders Model 797,1609.72,4,0.1,290.44
CA-2024-10230,2023-12-20,2023-12-22,CUST-1017,Customer 18,Consumer,West,Furniture,Furnishings,Furniture - Furnishings Model 377,896.49,6,0.0,245.28
CA-2024-10231,2024-06-25,2024-06-27,CUST-1056,Customer 57,Home Office,East,Technology,Phones,Technology - Phones Model 374,1486.0,7,0.0,399.7
CA-2024-10232,2024-07-05,2024-07-07,CUST-1026,Customer 27,Consumer,West,Furniture,Bookcases,Furniture - Bookcases Model 266,339.31,1,0.1,65.56
CA-2024-10233,2024-01-02,2024-01-04,CUST-1095,Customer 96,Consumer,North,Office Supplies,Appliances,Office Supplies - Appliances Model 788,1104.56,6,0.15,91.59
CA-2024-10234,2024-09-10,2024-09-11,CUST-1106,Customer 107,Corporate,North,Office Supplies,Appliances,Office Supplies - Appliances Model 650,261.08,1,0.0,59.81
CA-2024-10235,2024-10-07,2024-10-09,CUST-1037,Customer 38,Consumer,South,Office Supplies,Binders,Office Supplies - Binders Model 941,327.69,6,0.0,95.52
CA-2024-10236,2023-05-30,2023-06-01,CUST-1038,Customer 39,Home Office,South,Office Supplies,Storage,Office Supplies - Storage Model 700,317.13,1,0.0,73.02
CA-2024-10237,2024-06-04,2024-06-08,CUST-1001,Customer 2,Home Office,South,Office Supplies,Storage,Office Supplies - Storage Model 902,1861.14,7,0.0,531.39
CA-2024-10238,2024-03-07,2024-03-08,CUST-1018,Customer 19,Consumer,East,Office Supplies,Binders,Office Supplies - Binders Model 232,410.36,1,0.15,64.71
CA-2024-10239,2023-04-01,2023-04-05,CUST-1062,Customer 63,Consumer,West,Furniture,Chairs,Furniture - Chairs Model 392,365.63,3,0.1,80.29
CA-2024-10240,2023-06-23,2023-06-28,CUST-1034,Customer 35,Corporate,East,Office Supplies,Storage,Office Supplies - Storage Model 398,115.54,1,0.4,-9.92
CA-2024-10241,2024-10-25,2024-10-27,CUST-1037,Customer 38,Home Office,West,Furniture,Tables,Furniture - Tables Model 605,398.19,1,0.0,84.48
CA-2024-10242,2024-05-16,2024-05-18,CUST-1017,Customer 18,Consumer,East,Furniture,Bookcases,Furniture - Bookcases Model 504,1145.96,3,0.1,225.96
CA-2024-10243,2023-12-22,2023-12-26,CUST-1044,Customer 45,Corporate,East,Furniture,Furnishings,Furniture - Furnishings Model 998,1661.54,4,0.0,422.37
CA-2024-10244,2023-08-03,2023-08-08,CUST-1008,Customer 9,Home Office,North,Furniture,Bookcases,Furniture - Bookcases Model 827,2873.79,7,0.15,234.78
CA-2024-10245,2023-08-08,2023-08-12,CUST-1030,Customer 31,Corporate,North,Furniture,Bookcases,Furniture - Bookcases Model 638,2943.04,7,0.1,453.72
CA-2024-10246,2024-11-22,2024-11-27,CUST-1084,Customer 85,Consumer,East,Technology,Machines,Technology - Machines Model 636,466.31,2,0.1,62.92
CA-2024-10247,2024-05-27,2024-05-30,CUST-1004,Customer 5,Home Office,West,Office Supplies,Labels,Office Supplies - Labels Model 470,1961.31,6,0.0,515.2
CA-2024-10248,2023-07-24,2023-07-25,CUST-1046,Customer 47,Consumer,West,Technology,Copiers,Technology - Copiers Model 168,989.75,6,0.3,11.96
CA-2024-10249,2023-07-31,2023-08-04,CUST-1015,Customer 16,Consumer,West,Furniture,Chairs,Furniture - Chairs Model 650,2892.6,6,0.0,831.55
CA-2024-10250,2024-10-10,2024-10-12,CUST-1086,Customer 87,Consumer,North,Technology,Machines,Technology - Machines Model 626,898.38,7,0.0,208.43
